Product_ID,Category,Product_Name,Rating,Total_Ratings,Total_Reviews,Price,Discount,Product_URL
1,Laptop,"Acer Aspire 3 Intel Core i3 12th Gen 1215U - (8 GB/512 GB SSD/Windows 11 Home) A324-51 Thin and Light Laptop  (14 Inch, Steel Gray, 1.45 Kg)",4.2★,5226,388,25990,39% off,https://www.flipkart.com/acer-aspire-3-intel-core-i3-12th-gen-1215u-8-gb-512-gb-ssd-windows-11-home-a324-51-thin-light-laptop/p/itm7dda0a4d1d62a?pid=COMHY24RJH2YXVPG&lid=LSTCOMHY24RJH2YXVPGTVAAXW&marketplace=FLIPKART&q=laptops&store=6bo%2Fb5g&spotlightTagId=default_BestsellerId_6bo%2Fb5g&srno=s_1_1&otracker=search&fm=organic&iid=e631a2be-1f13-4c98-b5e5-fc2a86a82e3f.COMHY24RJH2YXVPG.SEARCH&ppt=sp&ppn=sp&ssid=hde1aajvio0000001763205553581&qH=c06ea84a1e3dc3c6
2,Laptop,"Samsung Galaxy Book4 Edge Series Copilot AI-PC Full Metal Chasis Qualcomm Snapdragon X - (16 GB/512 GB SSD/Windows 11 Home) NP750XQB-KA1IN Thin and Light Laptop  (15.6 inch, Sapphire Blue, 1.55 Kg, With MS Office)",4.3★,1370,105,64990,29% off,https://www.flipkart.com/samsung-galaxy-book4-edge-series-copilot-ai-pc-full-metal-chasis-qualcomm-snapdragon-x-16-gb-512-gb-ssd-windows-11-home-np750xqb-ka1in-thin-light-laptop/p/itm1d61ec8d90cc7?pid=COMHE4ATFWNVHXHS&lid=LSTCOMHE4ATFWNVHXHSIHS0FO&marketplace=FLIPKART&q=laptops&store=6bo%2Fb5g&srno=s_1_2&otracker=search&fm=organic&iid=e631a2be-1f13-4c98-b5e5-fc2a86a82e3f.COMHE4ATFWNVHXHS.SEARCH&ppt=None&ppn=None&ssid=hde1aajvio0000001763205553581&qH=c06ea84a1e3dc3c6
3,Laptop,"Samsung Galaxy Book5 AI Metal Intel Core Ultra 5 225U - (16 GB/512 GB SSD/Windows 11 Home) NP750XHD Thin and Light Laptop  (15.6 inch, Gray, 1.55 Kg, With MS Office)",4.5★,343,39,75990,24% off,https://www.flipkart.com/samsung-galaxy-book5-ai-metal-intel-core-ultra-5-225u-16-gb-512-gb-ssd-windows-11-home-np750xhd-thin-light-laptop/p/itmc33d2563d0ffc?pid=COMHE4ATPCZ9FXRP&lid=LSTCOMHE4ATPCZ9FXRP7N1GVG&marketplace=FLIPKART&q=laptops&store=6bo%2Fb5g&srno=s_1_3&otracker=search&fm=organic&iid=e631a2be-1f13-4c98-b5e5-fc2a86a82e3f.COMHE4ATPCZ9FXRP.SEARCH&ppt=None&ppn=None&ssid=hde1aajvio0000001763205553581&qH=c06ea84a1e3dc3c6
4,Laptop,"Acer Aspire 3 Intel Celeron Dual Core - (8 GB/512 GB SSD/Windows 11 Home) A311-45 Thin and Light Laptop  (11.6 inch, Steel Grey, 1.0 kg)",3.8★,6451,581,22899,36% off,https://www.flipkart.com/acer-aspire-3-intel-celeron-dual-core-8-gb-512-gb-ssd-windows-11-home-a311-45-thin-light-laptop/p/itmad38595c5a902?pid=COMH7NCZY2QDJ5Z4&lid=LSTCOMH7NCZY2QDJ5Z4DVC9YB&marketplace=FLIPKART&q=laptops&store=6bo%2Fb5g&srno=s_1_4&otracker=search&fm=organic&iid=e631a2be-1f13-4c98-b5e5-fc2a86a82e3f.COMH7NCZY2QDJ5Z4.SEARCH&ppt=None&ppn=None&ssid=hde1aajvio0000001763205553581&qH=c06ea84a1e3dc3c6
5,Laptop,"Acer Aspire 3 Intel Celeron Dual Core N4500 - (8 GB/256 GB SSD/Windows 11 Home) A325-45 Thin and Light Laptop  (15.6 Inch, Steel Grey, 1.50 Kg)",3.9★,1755,162,21990,26% off,https://www.flipkart.com/acer-aspire-3-intel-celeron-dual-core-n4500-8-gb-256-gb-ssd-windows-11-home-a325-45-thin-light-laptop/p/itm9ca67a1a3ea22?pid=COMH2TPSHCGYHHH8&lid=LSTCOMH2TPSHCGYHHH87PYZDA&marketplace=FLIPKART&q=laptops&store=6bo%2Fb5g&srno=s_1_5&otracker=search&fm=organic&iid=e631a2be-1f13-4c98-b5e5-fc2a86a82e3f.COMH2TPSHCGYHHH8.SEARCH&ppt=None&ppn=None&ssid=hde1aajvio0000001763205553581&qH=c06ea84a1e3dc3c6
6,Laptop,"DELL 15 AMD Ryzen 5 Hexa Core 7530U - (16 GB/512 GB SSD/Windows 11 Home) 3535 Thin and Light Laptop  (15.6 Inch, Platinum Silver, 1.67 Kg, With MS Office)",4.2★,1868,122,38990,31% off,https://www.flipkart.com/dell-15-amd-ryzen-5-hexa-core-7530u-16-gb-512-gb-ssd-windows-11-home-3535-thin-light-laptop/p/itm672bf7685863c?pid=COMH8EPFGAZ5HFM3&lid=LSTCOMH8EPFGAZ5HFM3UCBKL5&marketplace=FLIPKART&q=laptops&store=6bo%2Fb5g&srno=s_1_6&otracker=search&fm=organic&iid=e631a2be-1f13-4c98-b5e5-fc2a86a82e3f.COMH8EPFGAZ5HFM3.SEARCH&ppt=None&ppn=None&ssid=hde1aajvio0000001763205553581&qH=c06ea84a1e3dc3c6
7,Laptop,"HP Laptop Intel Core i3 13th Gen 1315U - (8 GB/512 GB SSD/Windows 11 Home) 15-fd0129TU / 15-fd0568TU Thin and Light Laptop  (15.6 inch, Natural Silver, 1.59 kg, With MS Office)",4.1★,1958,118,35103,44% off,https://www.flipkart.com/hp-laptop-intel-core-i3-13th-gen-1315u-8-gb-512-gb-ssd-windows-11-home-15-fd0129tu-15-fd0568tu-thin-light/p/itmcf7c16556a324?pid=COMHF6WAGPZCBQVZ&lid=LSTCOMHF6WAGPZCBQVZQDQWQM&marketplace=FLIPKART&q=laptops&store=6bo%2Fb5g&srno=s_1_7&otracker=search&fm=organic&iid=e631a2be-1f13-4c98-b5e5-fc2a86a82e3f.COMHF6WAGPZCBQVZ.SEARCH&ppt=None&ppn=None&ssid=hde1aajvio0000001763205553581&qH=c06ea84a1e3dc3c6
8,Laptop,"DELL 15 AMD Ryzen 3 Quad Core 7320U - (8 GB/512 GB SSD/Windows 11 Home) Inspiron 3535 / 15 DC 15255 Thin and Light Laptop  (15.6 inch, Carbon Black, 1.67 kg, With MS Office)",4.3★,1831,245,28990,29% off,https://www.flipkart.com/dell-15-amd-ryzen-3-quad-core-7320u-8-gb-512-gb-ssd-windows-11-home-inspiron-3535-dc-15255-thin-light-laptop/p/itm58c1d8a904449?pid=COMH5PBYWQTDJGQG&lid=LSTCOMH5PBYWQTDJGQGUCDMOA&marketplace=FLIPKART&q=laptops&store=6bo%2Fb5g&srno=s_1_8&otracker=search&fm=organic&iid=e631a2be-1f13-4c98-b5e5-fc2a86a82e3f.COMH5PBYWQTDJGQG.SEARCH&ppt=None&ppn=None&ssid=hde1aajvio0000001763205553581&qH=c06ea84a1e3dc3c6
9,Laptop,"Samsung Galaxy Book4 Metal Intel Core i5 13th Gen 1335U - (16 GB/512 GB SSD/Windows 11 Home) NP750XGJ-KG2IN / NP750XGJ-LG2IN Thin and Light Laptop  (15.6 Inch, Gray, 1.55 Kg, With MS Office)",4.4★,14318,1151,51990,37% off,https://www.flipkart.com/samsung-galaxy-book4-metal-intel-core-i5-13th-gen-1335u-16-gb-512-gb-ssd-windows-11-home-np750xgj-kg2in-np750xgj-lg2in-thin-light-laptop/p/itm1df5212efb9fc?pid=COMGZUYDGFJGHZR4&lid=LSTCOMGZUYDGFJGHZR4JPVIN2&marketplace=FLIPKART&q=laptops&store=6bo%2Fb5g&spotlightTagId=default_BestsellerId_6bo%2Fb5g&srno=s_1_9&otracker=search&fm=organic&iid=e631a2be-1f13-4c98-b5e5-fc2a86a82e3f.COMGZUYDGFJGHZR4.SEARCH&ppt=sp&ppn=sp&ssid=hde1aajvio0000001763205553581&qH=c06ea84a1e3dc3c6
10,Laptop,"Acer Aspire 7 Intel Core i5 13th Gen 13420H - (16 GB/512 GB SSD/Windows 11 Home/6 GB Graphics/NVIDIA GeForce RTX 3050) A715-79G Gaming Laptop  (15.6 Inch, Black, 1.99 Kg)",4.3★,2769,203,54990,38% off,https://www.flipkart.com/acer-aspire-7-intel-core-i5-13th-gen-13420h-16-gb-512-gb-ssd-windows-11-home-6-graphics-nvidia-geforce-rtx-3050-a715-79g-gaming-laptop/p/itm8208102c97f99?pid=COMH3G96MYGWSGTF&lid=LSTCOMH3G96MYGWSGTFGZ7TLO&marketplace=FLIPKART&q=laptops&store=6bo%2Fb5g&srno=s_1_10&otracker=search&fm=organic&iid=e631a2be-1f13-4c98-b5e5-fc2a86a82e3f.COMH3G96MYGWSGTF.SEARCH&ppt=None&ppn=None&ssid=hde1aajvio0000001763205553581&qH=c06ea84a1e3dc3c6
11,Laptop,"Acer Aspire 3 Intel Celeron Dual Core - (8 GB/128 GB SSD/Windows 11 Home) A311-45 Thin and Light Laptop  (11.6 inch, Steel Grey, 1.0 kg)",3.8★,6451,581,15990,51% off,https://www.flipkart.com/acer-aspire-3-intel-celeron-dual-core-8-gb-128-gb-ssd-windows-11-home-a311-45-thin-light-laptop/p/itmad38595c5a902?pid=COMH7NCZGGGWQC4W&lid=LSTCOMH7NCZGGGWQC4WQSQGVR&marketplace=FLIPKART&q=laptops&store=6bo%2Fb5g&srno=s_1_11&otracker=search&fm=organic&iid=e631a2be-1f13-4c98-b5e5-fc2a86a82e3f.COMH7NCZGGGWQC4W.SEARCH&ppt=None&ppn=None&ssid=hde1aajvio0000001763205553581&qH=c06ea84a1e3dc3c6
12,Laptop,"Samsung Galaxy Book4 Metal Intel Core i7 13th Gen 1355U - (16 GB/512 GB SSD/Windows 11 Home) NP750XGJ-KG3IN / NP750XGJ-LG3IN / NP750XGJ-LG8IN Thin and Light Laptop  (15.6 Inch, Gray, 1.55 Kg, With MS Office)",4.4★,4481,294,61990,30% off,https://www.flipkart.com/samsung-galaxy-book4-metal-intel-core-i7-13th-gen-1355u-16-gb-512-gb-ssd-windows-11-home-np750xgj-kg3in-np750xgj-lg3in-np750xgj-lg8in-thin-light-laptop/p/itm1df5212efb9fc?pid=COMGZUYDYPUZAAXD&lid=LSTCOMGZUYDYPUZAAXDBMAOEF&marketplace=FLIPKART&q=laptops&store=6bo%2Fb5g&srno=s_1_12&otracker=search&fm=organic&iid=e631a2be-1f13-4c98-b5e5-fc2a86a82e3f.COMGZUYDYPUZAAXD.SEARCH&ppt=None&ppn=None&ssid=hde1aajvio0000001763205553581&qH=c06ea84a1e3dc3c6
13,Laptop,"ASUS Expertbook P1 Intel Core i3 13th Gen 1315U - (16 GB/512 GB SSD/Windows 11 Home) P1403CVA-S60938WS Thin and Light Laptop  (14 inch, Misty Grey, 1.4 Kg, With MS Office)",4.3★,3388,299,38990,48% off,https://www.flipkart.com/asus-expertbook-p1-intel-core-i3-13th-gen-1315u-16-gb-512-gb-ssd-windows-11-home-p1403cva-s60938ws-thin-light-laptop/p/itm0af4b81838b5b?pid=COMH8Z2QAWCCUCSP&lid=LSTCOMH8Z2QAWCCUCSPPZPFKG&marketplace=FLIPKART&q=laptops&store=6bo%2Fb5g&srno=s_1_13&otracker=search&fm=organic&iid=e631a2be-1f13-4c98-b5e5-fc2a86a82e3f.COMH8Z2QAWCCUCSP.SEARCH&ppt=None&ppn=None&ssid=hde1aajvio0000001763205553581&qH=c06ea84a1e3dc3c6
14,Laptop,"ASUS Expertbook P1 High-performance processor Intel Core i5 13th Gen 13420H - (16 GB/512 GB SSD/Windows 11 Home) P1503CVA-S70611WS Thin and Light Laptop  (15.6 inch, Misty Grey, 1.65 Kg, With MS Office)",4.3★,3304,267,51990,42% off,https://www.flipkart.com/asus-expertbook-p1-high-performance-processor-intel-core-i5-13th-gen-13420h-16-gb-512-gb-ssd-windows-11-home-p1503cva-s70611ws-thin-light-laptop/p/itmf788da016f665?pid=COMH8Z2QRZVVN2RZ&lid=LSTCOMH8Z2QRZVVN2RZ9WYQBV&marketplace=FLIPKART&q=laptops&store=6bo%2Fb5g&spotlightTagId=default_BestsellerId_6bo%2Fb5g&srno=s_1_14&otracker=search&fm=organic&iid=e631a2be-1f13-4c98-b5e5-fc2a86a82e3f.COMH8Z2QRZVVN2RZ.SEARCH&ppt=None&ppn=None&ssid=hde1aajvio0000001763205553581&qH=c06ea84a1e3dc3c6
15,Laptop,"ASUS Expertbook P1 High-performance processor Intel Core i7 13th Gen 13620H - (32 GB/512 GB SSD/Windows 11 Home) P1403CVA-S60940WS Thin and Light Laptop  (14 inch, Misty Grey, 1.42 Kg, With MS Office)",4.3★,684,51,72990,43% off,https://www.flipkart.com/asus-expertbook-p1-high-performance-processor-intel-core-i7-13th-gen-13620h-32-gb-512-gb-ssd-windows-11-home-p1403cva-s60940ws-thin-light-laptop/p/itmc8b94112958cf?pid=COMH8Z2QT98FWRGH&lid=LSTCOMH8Z2QT98FWRGH3QRD3U&marketplace=FLIPKART&q=laptops&store=6bo%2Fb5g&srno=s_1_15&otracker=search&fm=organic&iid=e631a2be-1f13-4c98-b5e5-fc2a86a82e3f.COMH8Z2QT98FWRGH.SEARCH&ppt=None&ppn=None&ssid=hde1aajvio0000001763205553581&qH=c06ea84a1e3dc3c6
16,Laptop,"Lenovo Chromebook MediaTek Kompanio 520 - (4 GB/128 GB EMMC Storage/Chrome OS) 14M868 Chromebook  (14 Inch, Abyss Blue, 1.3 Kg)",3.9★,3066,266,12990,54% off,https://www.flipkart.com/lenovo-chromebook-mediatek-kompanio-520-4-gb-128-gb-emmc-storage-chrome-os-14m868/p/itm4dc67999fe3de?pid=COMGSYYSHRSUEGMG&lid=LSTCOMGSYYSHRSUEGMGMC9HLZ&marketplace=FLIPKART&q=laptops&store=6bo%2Fb5g&srno=s_1_16&otracker=search&fm=organic&iid=e631a2be-1f13-4c98-b5e5-fc2a86a82e3f.COMGSYYSHRSUEGMG.SEARCH&ppt=None&ppn=None&ssid=hde1aajvio0000001763205553581&qH=c06ea84a1e3dc3c6
17,Laptop,"Acer Chromebook Intel Celeron Dual Core N4500 - (8 GB/128 GB EMMC Storage/Chrome OS) CB314-3H-C5QE/ CB314-3H-C0BZ Chromebook  (15.6 inch, Silver, 1.45 Kg)",3.8★,2479,170,18990,44% off,https://www.flipkart.com/acer-chromebook-intel-celeron-dual-core-n4500-8-gb-128-gb-emmc-storage-chrome-os-cb314-3h-c5qe-cb314-3h-c0bz/p/itm04458b376eefa?pid=COMGSV3G3RYBAHX4&lid=LSTCOMGSV3G3RYBAHX4RBS9WL&marketplace=FLIPKART&q=laptops&store=6bo%2Fb5g&srno=s_1_17&otracker=search&fm=organic&iid=e631a2be-1f13-4c98-b5e5-fc2a86a82e3f.COMGSV3G3RYBAHX4.SEARCH&ppt=None&ppn=None&ssid=hde1aajvio0000001763205553581&qH=c06ea84a1e3dc3c6
18,Laptop,"Acer Aspire 3 Intel Core i3 12th Gen 1215U - (8 GB/256 GB SSD/Windows 11 Home) A324-51 Thin and Light Laptop  (14 Inch, Steel Gray, 1.45 Kg)",4.2★,5226,388,28990,29% off,https://www.flipkart.com/acer-aspire-3-intel-core-i3-12th-gen-1215u-8-gb-256-gb-ssd-windows-11-home-a324-51-thin-light-laptop/p/itm7dda0a4d1d62a?pid=COMHY24R4SNQWZGZ&lid=LSTCOMHY24R4SNQWZGZCPOPEW&marketplace=FLIPKART&q=laptops&store=6bo%2Fb5g&srno=s_1_18&otracker=search&fm=organic&iid=e631a2be-1f13-4c98-b5e5-fc2a86a82e3f.COMHY24R4SNQWZGZ.SEARCH&ppt=None&ppn=None&ssid=hde1aajvio0000001763205553581&qH=c06ea84a1e3dc3c6
19,Laptop,"Acer Aspire 3 Backlit AMD Ryzen 7 Octa Core 7730U - (16 GB/512 GB SSD/Windows 11 Home) Aspire AS15 - 42 Thin and Light Laptop  (15.6 Inch, Silver, 1.79 Kg)",4.1★,1443,108,40990,43% off,https://www.flipkart.com/acer-aspire-3-backlit-amd-ryzen-7-octa-core-7730u-16-gb-512-gb-ssd-windows-11-home-as15-42-thin-light-laptop/p/itmdaf15e01a1d1a?pid=COMH397XPF4Z3BMX&lid=LSTCOMH397XPF4Z3BMXL8O53G&marketplace=FLIPKART&q=laptops&store=6bo%2Fb5g&srno=s_1_19&otracker=search&fm=organic&iid=e631a2be-1f13-4c98-b5e5-fc2a86a82e3f.COMH397XPF4Z3BMX.SEARCH&ppt=None&ppn=None&ssid=hde1aajvio0000001763205553581&qH=c06ea84a1e3dc3c6
20,Laptop,"Acer Aspire 3 Intel Core i3 13th Gen 1305U - (16 GB/512 GB SSD/Windows 11 Home) A324-53 Thin and Light Laptop  (14 Inch, Steel Gray, 1.45 Kg)",4.3★,3024,228,29990,33% off,https://www.flipkart.com/acer-aspire-3-intel-core-i3-13th-gen-1305u-16-gb-512-gb-ssd-windows-11-home-a324-53-thin-light-laptop/p/itma6a6812aa712e?pid=COMH4B6CRXD62EPK&lid=LSTCOMH4B6CRXD62EPK3NX1OA&marketplace=FLIPKART&q=laptops&store=6bo%2Fb5g&srno=s_1_20&otracker=search&fm=organic&iid=e631a2be-1f13-4c98-b5e5-fc2a86a82e3f.COMH4B6CRXD62EPK.SEARCH&ppt=None&ppn=None&ssid=hde1aajvio0000001763205553581&qH=c06ea84a1e3dc3c6
21,Laptop,"Lenovo IdeaPad Slim 3 Intel Core i5 12th Gen 12450H - (16 GB/512 GB SSD/Windows 11 Home) 83ER00KSIN Thin and Light Laptop  (15.6 inch, Arctic Grey, With MS Office)",4.2★,455,26,45750,35% off,https://www.flipkart.com/lenovo-ideapad-slim-3-intel-core-i5-12th-gen-12450h-16-gb-512-gb-ssd-windows-11-home-83er00ksin-thin-light-laptop/p/itm88613b4717866?pid=COMHCYGTDF5GYHFX&lid=LSTCOMHCYGTDF5GYHFXGCWAY7&marketplace=FLIPKART&q=laptops&store=6bo%2Fb5g&srno=s_1_21&otracker=search&fm=organic&iid=e631a2be-1f13-4c98-b5e5-fc2a86a82e3f.COMHCYGTDF5GYHFX.SEARCH&ppt=None&ppn=None&ssid=hde1aajvio0000001763205553581&qH=c06ea84a1e3dc3c6
22,Laptop,"Acer Nitro V AMD Ryzen 5 Hexa Core 6600H - (16 GB/512 GB SSD/Windows 11 Home/6 GB Graphics/NVIDIA GeForce RTX 3050) ANV15-41-R8G0 Gaming Laptop  (16 inch, Obsidian Black, 2.1 Kg)",4.4★,663,55,57990,46% off,https://www.flipkart.com/acer-nitro-v-amd-ryzen-5-hexa-core-6600h-16-gb-512-gb-ssd-windows-11-home-6-graphics-nvidia-geforce-rtx-3050-anv15-41-r8g0-gaming-laptop/p/itm33a9aedda362e?pid=COMH6C5AMHNHHRUF&lid=LSTCOMH6C5AMHNHHRUFLZBM42&marketplace=FLIPKART&q=laptops&store=6bo%2Fb5g&srno=s_1_22&otracker=search&fm=organic&iid=e631a2be-1f13-4c98-b5e5-fc2a86a82e3f.COMH6C5AMHNHHRUF.SEARCH&ppt=None&ppn=None&ssid=hde1aajvio0000001763205553581&qH=c06ea84a1e3dc3c6
23,Laptop,"Samsung Galaxy Book4 Metal Intel Core i3 13th Gen 1315U - (8 GB/512 GB SSD/Windows 11 Home) NP750XGJ-LG9IN Thin and Light Laptop  (15.6 Inch, Gray, 1.55 Kg, With MS Office)",4.4★,8347,818,35990,37% off,https://www.flipkart.com/samsung-galaxy-book4-metal-intel-core-i3-13th-gen-1315u-8-gb-512-gb-ssd-windows-11-home-np750xgj-lg9in-thin-light-laptop/p/itmc29d559898e6f?pid=COMH4Y6KKRC9YSWE&lid=LSTCOMH4Y6KKRC9YSWERDUMZD&marketplace=FLIPKART&q=laptops&store=6bo%2Fb5g&srno=s_1_23&otracker=search&fm=organic&iid=e631a2be-1f13-4c98-b5e5-fc2a86a82e3f.COMH4Y6KKRC9YSWE.SEARCH&ppt=None&ppn=None&ssid=hde1aajvio0000001763205553581&qH=c06ea84a1e3dc3c6
24,Laptop,"Lenovo 100e Chromebook Gen 4 MediaTek Kompanio 520 - (8 GB/64 GB EMMC Storage/Chrome OS) 100e Chromebook Gen 4 Chromebook  (11.6 inch, Graphite Grey, 1.23 Kg)",3.9★,1623,122,12999,42% off,https://www.flipkart.com/lenovo-100e-chromebook-gen-4-mediatek-kompanio-520-8-gb-64-gb-emmc-storage-chrome-os/p/itm10f2fa5775092?pid=COMHC5G9YPVUM34V&lid=LSTCOMHC5G9YPVUM34VZ0HVSZ&marketplace=FLIPKART&q=laptops&store=6bo%2Fb5g&srno=s_1_24&otracker=search&fm=organic&iid=e631a2be-1f13-4c98-b5e5-fc2a86a82e3f.COMHC5G9YPVUM34V.SEARCH&ppt=None&ppn=None&ssid=hde1aajvio0000001763205553581&qH=c06ea84a1e3dc3c6
25,Laptop,"ASUS Expertbook P1 Intel Core i3 13th Gen 1315U - (16 GB/512 GB SSD/Windows 11 Home) P1403CVA-S60938WS Thin and Light Laptop  (14 inch, Misty Grey, 1.4 Kg, With MS Office)",4.3★,3388,299,38990,48% off,https://www.flipkart.com/asus-expertbook-p1-intel-core-i3-13th-gen-1315u-16-gb-512-gb-ssd-windows-11-home-p1403cva-s60938ws-thin-light-laptop/p/itm0af4b81838b5b?pid=COMH8Z2QAWCCUCSP&marketplace=FLIPKART
26,Mobile,"POCO C71 (Cool Blue, 128 GB)  (6 GB RAM)",4.1★,23857,1146,6799,32% off,https://www.flipkart.com/poco-c71-cool-blue-128-gb/p/itmfb10bdbf02c6e?pid=MOBHAFVJURDB9QYR&lid=LSTMOBHAFVJURDB9QYRYNBHTJ&marketplace=FLIPKART&q=mobiles&store=tyy%2F4io&srno=s_1_1&otracker=search&fm=organic&iid=b9c7b8aa-c488-4561-9ae6-cc1d7997b3c4.MOBHAFVJURDB9QYR.SEARCH&ppt=pp&ppn=pp&ssid=mikwl9mpfk0000001763205749731&qH=eb4af0bf07c16429
27,Mobile,Rastic SM Guru Music 2 Mobile Phone  (White),3.7★,0,0,900,54% off,https://www.flipkart.com/rastic-sm-guru-music-2-mobile-phone/p/itm3686cf469f3b7?pid=MOBHHJUKKBVBB8BV&lid=LSTMOBHHJUKKBVBB8BVTMSELS&marketplace=FLIPKART&q=mobiles&store=tyy%2F4io&spotlightTagId=default_TrendingId_tyy%2F4io&srno=s_1_2&otracker=search&fm=organic&iid=b9c7b8aa-c488-4561-9ae6-cc1d7997b3c4.MOBHHJUKKBVBB8BV.SEARCH&ppt=sp&ppn=sp&ssid=mikwl9mpfk0000001763205749731&qH=eb4af0bf07c16429
28,Mobile,"POCO C71 (Desert Gold, 64 GB)  (4 GB RAM)",3.8★,46431,2129,6199,31% off,https://www.flipkart.com/poco-c71-desert-gold-64-gb/p/itme3dc58af6a04b?pid=MOBHAFVJZ5CHWMH8&lid=LSTMOBHAFVJZ5CHWMH8MZ5M5D&marketplace=FLIPKART&q=mobiles&store=tyy%2F4io&srno=s_1_3&otracker=search&fm=organic&iid=b9c7b8aa-c488-4561-9ae6-cc1d7997b3c4.MOBHAFVJZ5CHWMH8.SEARCH&ppt=pp&ppn=pp&ssid=mikwl9mpfk0000001763205749731&qH=eb4af0bf07c16429
29,Mobile,"MOTOROLA Edge 60 Pro (Pantone Shadow, 256 GB)  (12 GB RAM)",4.3★,11819,999,31999,21% off,https://www.flipkart.com/motorola-edge-60-pro-pantone-shadow-256-gb/p/itme4f8c6dd0e2db?pid=MOBH9C9JBE7X4H8H&lid=LSTMOBH9C9JBE7X4H8HWHFJKC&marketplace=FLIPKART&q=mobiles&store=tyy%2F4io&srno=s_1_4&otracker=search&fm=organic&iid=b9c7b8aa-c488-4561-9ae6-cc1d7997b3c4.MOBH9C9JBE7X4H8H.SEARCH&ppt=pp&ppn=pp&ssid=mikwl9mpfk0000001763205749731&qH=eb4af0bf07c16429
30,Mobile,"REDMI Note 14 SE 5G (Crimson Art, 128 GB)  (6 GB RAM)",4.3★,14221,579,13499,32% off,https://www.flipkart.com/redmi-note-14-se-5g-crimson-art-128-gb/p/itm10fbd7f3a50f1?pid=MOBHE48SXCFFFTTT&lid=LSTMOBHE48SXCFFFTTTDUVPWS&marketplace=FLIPKART&q=mobiles&store=tyy%2F4io&srno=s_1_5&otracker=search&fm=organic&iid=b9c7b8aa-c488-4561-9ae6-cc1d7997b3c4.MOBHE48SXCFFFTTT.SEARCH&ppt=pp&ppn=pp&ssid=mikwl9mpfk0000001763205749731&qH=eb4af0bf07c16429
31,Mobile,"REDMI Note 14 SE 5G (Titan Black, 128 GB)  (6 GB RAM)",4.3★,14221,579,13499,32% off,https://www.flipkart.com/redmi-note-14-se-5g-titan-black-128-gb/p/itmbbe0bfdee707d?pid=MOBHE48SMK9RUZHQ&lid=LSTMOBHE48SMK9RUZHQEJUO1P&marketplace=FLIPKART&q=mobiles&store=tyy%2F4io&srno=s_1_6&otracker=search&fm=organic&iid=b9c7b8aa-c488-4561-9ae6-cc1d7997b3c4.MOBHE48SMK9RUZHQ.SEARCH&ppt=pp&ppn=pp&ssid=mikwl9mpfk0000001763205749731&qH=eb4af0bf07c16429
32,Mobile,"Moto g67 power 5G (Pantone Parachute, 128 GB)  (8 GB RAM)",4.5★,92,3,15999,15% off,https://www.flipkart.com/moto-g67-power-5g-pantone-parachute-128-gb/p/itm2fcd7ff295537?pid=MOBHFSCEBA7G3HXN&lid=LSTMOBHFSCEBA7G3HXNM6IXLV&marketplace=FLIPKART&q=mobiles&store=tyy%2F4io&srno=s_1_7&otracker=search&fm=organic&iid=b9c7b8aa-c488-4561-9ae6-cc1d7997b3c4.MOBHFSCEBA7G3HXN.SEARCH&ppt=pp&ppn=pp&ssid=mikwl9mpfk0000001763205749731&qH=eb4af0bf07c16429
33,Mobile,"POCO C71 (Power Black, 128 GB)  (6 GB RAM)",4.1★,23857,1146,6799,32% off,https://www.flipkart.com/poco-c71-power-black-128-gb/p/itm8096ee52d7013?pid=MOBHAFVJJM8BWNKC&lid=LSTMOBHAFVJJM8BWNKCJY0MRA&marketplace=FLIPKART&q=mobiles&store=tyy%2F4io&srno=s_1_8&otracker=search&fm=organic&iid=b9c7b8aa-c488-4561-9ae6-cc1d7997b3c4.MOBHAFVJJM8BWNKC.SEARCH&ppt=pp&ppn=pp&ssid=mikwl9mpfk0000001763205749731&qH=eb4af0bf07c16429
34,Mobile,"Moto g06 power (Tapestry, 64 GB)  (4 GB RAM)",4.2★,1121,92,7199,28% off,https://www.flipkart.com/moto-g06-power-tapestry-64-gb/p/itmf3d81a7e9b32d?pid=MOBHFSCEW8DQVKDZ&lid=LSTMOBHFSCEW8DQVKDZ2CWXCB&marketplace=FLIPKART&q=mobiles&store=tyy%2F4io&srno=s_1_9&otracker=search&fm=organic&iid=b9c7b8aa-c488-4561-9ae6-cc1d7997b3c4.MOBHFSCEW8DQVKDZ.SEARCH&ppt=pp&ppn=pp&ssid=mikwl9mpfk0000001763205749731&qH=eb4af0bf07c16429
35,Mobile,"POCO M7 5G (Mint Green, 128 GB)  (8 GB RAM)",4.2★,12130,599,9999,28% off,https://www.flipkart.com/poco-m7-5g-mint-green-128-gb/p/itm5a4e9a881d94a?pid=MOBH9HFJGB3JSYEF&lid=LSTMOBH9HFJGB3JSYEF2YLMA0&marketplace=FLIPKART&q=mobiles&store=tyy%2F4io&srno=s_1_10&otracker=search&fm=organic&iid=b9c7b8aa-c488-4561-9ae6-cc1d7997b3c4.MOBH9HFJGB3JSYEF.SEARCH&ppt=pp&ppn=pp&ssid=mikwl9mpfk0000001763205749731&qH=eb4af0bf07c16429
36,Mobile,"POCO M7 Pro 5G (Lavender Frost, 128 GB)  (6 GB RAM)",4.3★,29275,2198,11999,36% off,https://www.flipkart.com/poco-m7-pro-5g-lavender-frost-128-gb/p/itmf76d7942d780f?pid=MOBH7443JBKHRPGW&lid=LSTMOBH7443JBKHRPGWOC2RGL&marketplace=FLIPKART&q=mobiles&store=tyy%2F4io&srno=s_1_11&otracker=search&fm=organic&iid=b9c7b8aa-c488-4561-9ae6-cc1d7997b3c4.MOBH7443JBKHRPGW.SEARCH&ppt=pp&ppn=pp&ssid=mikwl9mpfk0000001763205749731&qH=eb4af0bf07c16429
37,Mobile,"POCO C75 5G (Enchanted Green, 64 GB)  (4 GB RAM)",4.2★,129220,5807,7499,31% off,https://www.flipkart.com/poco-c75-5g-enchanted-green-64-gb/p/itmf8fdd88f80fcc?pid=MOBH7443VEGWXG4G&lid=LSTMOBH7443VEGWXG4GOW118G&marketplace=FLIPKART&q=mobiles&store=tyy%2F4io&srno=s_1_12&otracker=search&fm=organic&iid=b9c7b8aa-c488-4561-9ae6-cc1d7997b3c4.MOBH7443VEGWXG4G.SEARCH&ppt=pp&ppn=pp&ssid=mikwl9mpfk0000001763205749731&qH=eb4af0bf07c16429
38,Mobile,"Moto g06 power (Pantone Tendril, 64 GB)  (4 GB RAM)",4.2★,1121,92,7199,28% off,https://www.flipkart.com/moto-g06-power-pantone-tendril-64-gb/p/itm6328c9afec960?pid=MOBHFSCEDQXXDXUQ&lid=LSTMOBHFSCEDQXXDXUQ5OORZ3&marketplace=FLIPKART&q=mobiles&store=tyy%2F4io&srno=s_1_13&otracker=search&fm=organic&iid=b9c7b8aa-c488-4561-9ae6-cc1d7997b3c4.MOBHFSCEDQXXDXUQ.SEARCH&ppt=pp&ppn=pp&ssid=mikwl9mpfk0000001763205749731&qH=eb4af0bf07c16429
39,Mobile,"POCO C71 (Desert Gold, 128 GB)  (6 GB RAM)",4.1★,23857,1146,6799,32% off,https://www.flipkart.com/poco-c71-desert-gold-128-gb/p/itm2a2ad903f91f4?pid=MOBHAFVJ8WXHR5FT&lid=LSTMOBHAFVJ8WXHR5FTKIOCQ2&marketplace=FLIPKART&q=mobiles&store=tyy%2F4io&srno=s_1_14&otracker=search&fm=organic&iid=b9c7b8aa-c488-4561-9ae6-cc1d7997b3c4.MOBHAFVJ8WXHR5FT.SEARCH&ppt=pp&ppn=pp&ssid=mikwl9mpfk0000001763205749731&qH=eb4af0bf07c16429
40,Mobile,"vivo T4 Lite 5G Charger in the Box (Titanium Gold, 256 GB)  (8 GB RAM)",4.3★,16860,736,13499,20% off,https://www.flipkart.com/vivo-t4-lite-5g-charger-box-titanium-gold-256-gb/p/itm9886d6e522c4b?pid=MOBHDY9FNTHSYQCV&lid=LSTMOBHDY9FNTHSYQCVKD0GFP&marketplace=FLIPKART&q=mobiles&store=tyy%2F4io&srno=s_1_15&otracker=search&fm=organic&iid=b9c7b8aa-c488-4561-9ae6-cc1d7997b3c4.MOBHDY9FNTHSYQCV.SEARCH&ppt=pp&ppn=pp&ssid=mikwl9mpfk0000001763205749731&qH=eb4af0bf07c16429
41,Mobile,"Moto g67 power 5G (Pantone Curacao Blue, 128 GB)  (8 GB RAM)",4.5★,92,3,15999,15% off,https://www.flipkart.com/moto-g67-power-5g-pantone-curacao-blue-128-gb/p/itm1ea2fa88182ec?pid=MOBHFSCEJHCXGYXV&lid=LSTMOBHFSCEJHCXGYXVPQ3MCM&marketplace=FLIPKART&q=mobiles&store=tyy%2F4io&srno=s_1_16&otracker=search&fm=organic&iid=b9c7b8aa-c488-4561-9ae6-cc1d7997b3c4.MOBHFSCEJHCXGYXV.SEARCH&ppt=pp&ppn=pp&ssid=mikwl9mpfk0000001763205749731&qH=eb4af0bf07c16429
42,Mobile,"realme P4 5G (Engine Blue, 128 GB)  (6 GB RAM)",4.4★,14450,924,16999,19% off,https://www.flipkart.com/realme-p4-5g-engine-blue-128-gb/p/itmf836e6de035a5?pid=MOBHERXFZSPWPSQN&lid=LSTMOBHERXFZSPWPSQNLLYBYL&marketplace=FLIPKART&q=mobiles&store=tyy%2F4io&srno=s_1_17&otracker=search&fm=organic&iid=b9c7b8aa-c488-4561-9ae6-cc1d7997b3c4.MOBHERXFZSPWPSQN.SEARCH&ppt=pp&ppn=pp&ssid=mikwl9mpfk0000001763205749731&qH=eb4af0bf07c16429
43,Mobile,"Moto g67 power 5G (Pantone Cilantro, 128 GB)  (8 GB RAM)",4.5★,92,3,15999,15% off,https://www.flipkart.com/moto-g67-power-5g-pantone-cilantro-128-gb/p/itma6f5b15eedd8c?pid=MOBHFSCEWFXTERWP&lid=LSTMOBHFSCEWFXTERWPZ44O8K&marketplace=FLIPKART&q=mobiles&store=tyy%2F4io&srno=s_1_18&otracker=search&fm=organic&iid=b9c7b8aa-c488-4561-9ae6-cc1d7997b3c4.MOBHFSCEWFXTERWP.SEARCH&ppt=pp&ppn=pp&ssid=mikwl9mpfk0000001763205749731&qH=eb4af0bf07c16429
44,Mobile,"realme C71 (Sea Blue, 128 GB)  (6 GB RAM)",4.2★,5916,224,8699,20% off,https://www.flipkart.com/realme-c71-sea-blue-128-gb/p/itm920c5c8761871?pid=MOBHDFVJGDDJ2MAX&lid=LSTMOBHDFVJGDDJ2MAXZWOIKA&marketplace=FLIPKART&q=mobiles&store=tyy%2F4io&srno=s_1_19&otracker=search&fm=organic&iid=b9c7b8aa-c488-4561-9ae6-cc1d7997b3c4.MOBHDFVJGDDJ2MAX.SEARCH&ppt=pp&ppn=pp&ssid=mikwl9mpfk0000001763205749731&qH=eb4af0bf07c16429
45,Mobile,"POCO M7 5G (Mint Green, 128 GB)  (6 GB RAM)",4.1★,58019,2740,8999,30% off,https://www.flipkart.com/poco-m7-5g-mint-green-128-gb/p/itm55887907a1c02?pid=MOBH9HFJFR4FYHNJ&lid=LSTMOBH9HFJFR4FYHNJVOMMEX&marketplace=FLIPKART&q=mobiles&store=tyy%2F4io&srno=s_1_20&otracker=search&fm=organic&iid=b9c7b8aa-c488-4561-9ae6-cc1d7997b3c4.MOBH9HFJFR4FYHNJ.SEARCH&ppt=pp&ppn=pp&ssid=mikwl9mpfk0000001763205749731&qH=eb4af0bf07c16429
46,Mobile,"OPPO K13x 5G 6000mAh and 45W SUPERVOOC Charger & AI (Sunset Peach, 128 GB)  (4 GB RAM)",4.4★,18393,1438,11999,25% off,https://www.flipkart.com/oppo-k13x-5g-6000mah-45w-supervooc-charger-ai-sunset-peach-128-gb/p/itm62b2e62fbb43e?pid=MOBHDY9PFEUDUVBH&lid=LSTMOBHDY9PFEUDUVBH9J1IMA&marketplace=FLIPKART&q=mobiles&store=tyy%2F4io&srno=s_1_21&otracker=search&fm=organic&iid=b9c7b8aa-c488-4561-9ae6-cc1d7997b3c4.MOBHDY9PFEUDUVBH.SEARCH&ppt=pp&ppn=pp&ssid=mikwl9mpfk0000001763205749731&qH=eb4af0bf07c16429
47,Mobile,"REDMI Note 14 SE 5G (Mystique White, 128 GB)  (6 GB RAM)",4.3★,14221,579,13499,32% off,https://www.flipkart.com/redmi-note-14-se-5g-mystique-white-128-gb/p/itm3ac3f82a0d665?pid=MOBHE48SHGAUHGTC&lid=LSTMOBHE48SHGAUHGTCENTOS8&marketplace=FLIPKART&q=mobiles&store=tyy%2F4io&srno=s_1_22&otracker=search&fm=organic&iid=b9c7b8aa-c488-4561-9ae6-cc1d7997b3c4.MOBHE48SHGAUHGTC.SEARCH&ppt=pp&ppn=pp&ssid=mikwl9mpfk0000001763205749731&qH=eb4af0bf07c16429
48,Mobile,"POCO M7 Pro 5G (Lavender Frost, 256 GB)  (8 GB RAM)",4.2★,11393,974,13999,33% off,https://www.flipkart.com/poco-m7-pro-5g-lavender-frost-256-gb/p/itm34f1d15898b6d?pid=MOBH7443JPJHJH5A&lid=LSTMOBH7443JPJHJH5A1W5UOX&marketplace=FLIPKART&q=mobiles&store=tyy%2F4io&srno=s_1_23&otracker=search&fm=organic&iid=b9c7b8aa-c488-4561-9ae6-cc1d7997b3c4.MOBH7443JPJHJH5A.SEARCH&ppt=pp&ppn=pp&ssid=mikwl9mpfk0000001763205749731&qH=eb4af0bf07c16429
49,Mobile,"realme Narzo 80 Lite 5G (Crystal Purple, 128 GB)  (6 GB RAM)",4.3★,3236,129,10751,28% off,https://www.flipkart.com/realme-narzo-80-lite-5g-crystal-purple-128-gb/p/itm47ab7fdec3924?pid=MOBHDEYWSGWXMGDK&lid=LSTMOBHDEYWSGWXMGDK0RZR6I&marketplace=FLIPKART&q=mobiles&store=tyy%2F4io&srno=s_1_24&otracker=search&fm=organic&iid=b9c7b8aa-c488-4561-9ae6-cc1d7997b3c4.MOBHDEYWSGWXMGDK.SEARCH&ppt=pp&ppn=pp&ssid=mikwl9mpfk0000001763205749731&qH=eb4af0bf07c16429
50,Mobile,"POCO M7 Pro 5G (Lavender Frost, 256 GB)  (8 GB RAM)",4.2★,11393,974,13999,33% off,https://www.flipkart.com/poco-m7-pro-5g-lavender-frost-256-gb/p/itm34f1d15898b6d?pid=MOBH7443JPJHJH5A&marketplace=FLIPKART
51,Tablet,REDMI  Pad SE 8 GB RAM 128 GB ROM 11.0 inch with Wi-Fi Only Tablet (Lavender Purple),4.4★,15761,993,12999,35% off,https://www.flipkart.com/redmi-pad-se-8-gb-ram-128-rom-11-0-inch-wi-fi-only-tablet-lavender-purple/p/itma5509f73ddb92?pid=TABHYYS9NRJGRYWF&lid=LSTTABHYYS9NRJGRYWFZ9EWXP&marketplace=FLIPKART&q=tablets&store=tyy%2Fhry&srno=s_1_1&otracker=search&fm=organic&iid=261275c9-cd12-4971-a79d-26a029b9cb90.TABHYYS9NRJGRYWF.SEARCH&ppt=pp&ppn=pp&ssid=6gf4fwvuww0000001763205940790&qH=c6411ee33ebd1dbd
52,Tablet,MOTOROLA Pad 60 Neo 8 GB RAM 128 GB ROM 11 inch with Wi-Fi+5G Tablet (PANTONE Bronze Green),4.5★,7427,637,18999,32% off,https://www.flipkart.com/motorola-pad-60-neo-8-gb-ram-128-rom-11-inch-wi-fi-5g-tablet-pantone-bronze-green/p/itm4aa28823b0e61?pid=TABHETUGU6T947RJ&lid=LSTTABHETUGU6T947RJPZNUAV&marketplace=FLIPKART&q=tablets&store=tyy%2Fhry&srno=s_1_2&otracker=search&fm=organic&iid=261275c9-cd12-4971-a79d-26a029b9cb90.TABHETUGU6T947RJ.SEARCH&ppt=pp&ppn=pp&ssid=6gf4fwvuww0000001763205940790&qH=c6411ee33ebd1dbd
53,Tablet,REDMI  Pad Pro 5G 8 GB RAM 128 GB ROM 12.1 inch with Wi-Fi+5G Tablet (Graphite Grey),4.4★,6726,432,22999,14% off,https://www.flipkart.com/redmi-pad-pro-5g-8-gb-ram-128-rom-12-1-inch-wi-fi-5g-tablet-graphite-grey/p/itm96c3c63b39052?pid=TABH32JHGNVFKTDA&lid=LSTTABH32JHGNVFKTDAEBHAQF&marketplace=FLIPKART&q=tablets&store=tyy%2Fhry&srno=s_1_3&otracker=search&fm=organic&iid=261275c9-cd12-4971-a79d-26a029b9cb90.TABH32JHGNVFKTDA.SEARCH&ppt=pp&ppn=pp&ssid=6gf4fwvuww0000001763205940790&qH=c6411ee33ebd1dbd
54,Tablet,REDMI  Pad SE 4 GB RAM 128 GB ROM 11.0 inch with Wi-Fi Only Tablet (Mint Green),4.4★,15761,993,11999,20% off,https://www.flipkart.com/redmi-pad-se-4-gb-ram-128-rom-11-0-inch-wi-fi-only-tablet-mint-green/p/itma5509f73ddb92?pid=TABHYYS9FYTCDFXZ&lid=LSTTABHYYS9FYTCDFXZNGZC7R&marketplace=FLIPKART&q=tablets&store=tyy%2Fhry&srno=s_1_4&otracker=search&fm=organic&iid=261275c9-cd12-4971-a79d-26a029b9cb90.TABHYYS9FYTCDFXZ.SEARCH&ppt=pp&ppn=pp&ssid=6gf4fwvuww0000001763205940790&qH=c6411ee33ebd1dbd
55,Tablet,REDMI  Pad SE 8 GB RAM 128 GB ROM 11.0 inch with Wi-Fi Only Tablet (Graphite Gray),4.4★,15761,993,12999,35% off,https://www.flipkart.com/redmi-pad-se-8-gb-ram-128-rom-11-0-inch-wi-fi-only-tablet-graphite-gray/p/itma5509f73ddb92?pid=TABHYYS9AZZW97ZU&lid=LSTTABHYYS9AZZW97ZUYRZ8LB&marketplace=FLIPKART&q=tablets&store=tyy%2Fhry&srno=s_1_5&otracker=search&fm=organic&iid=261275c9-cd12-4971-a79d-26a029b9cb90.TABHYYS9AZZW97ZU.SEARCH&ppt=pp&ppn=pp&ssid=6gf4fwvuww0000001763205940790&qH=c6411ee33ebd1dbd
56,Tablet,realme Pad 2 6 GB RAM 128 GB ROM 11.5 inch with 4G Tablet (Inspiration Green),4.4★,35762,2773,14799,48% off,https://www.flipkart.com/realme-pad-2-6-gb-ram-128-rom-11-5-inch-4g-tablet-inspiration-green/p/itmcf4c6380eafa4?pid=TABGRGWKRZS9REGC&lid=LSTTABGRGWKRZS9REGCWPLFCC&marketplace=FLIPKART&q=tablets&store=tyy%2Fhry&srno=s_1_6&otracker=search&fm=organic&iid=261275c9-cd12-4971-a79d-26a029b9cb90.TABGRGWKRZS9REGC.SEARCH&ppt=pp&ppn=pp&ssid=6gf4fwvuww0000001763205940790&qH=c6411ee33ebd1dbd
57,Tablet,OnePlus Pad Lite 6 GB RAM 128 GB ROM 11.0 inch with Wi-Fi Only Tablet (Aero Blue),4.4★,2375,117,15999,20% off,https://www.flipkart.com/oneplus-pad-lite-6-gb-ram-128-rom-11-0-inch-wi-fi-only-tablet-aero-blue/p/itm5b2d512cb261f?pid=TABHE7YR2Y7XJHFA&lid=LSTTABHE7YR2Y7XJHFAUZXAAE&marketplace=FLIPKART&q=tablets&store=tyy%2Fhry&srno=s_1_7&otracker=search&fm=organic&iid=261275c9-cd12-4971-a79d-26a029b9cb90.TABHE7YR2Y7XJHFA.SEARCH&ppt=pp&ppn=pp&ssid=6gf4fwvuww0000001763205940790&qH=c6411ee33ebd1dbd
58,Tablet,Infinix XPAD LTE 4 GB RAM 128 GB ROM 11.0 inch with 4G Tablet (Frost Blue),4.4★,2555,273,11999,40% off,https://www.flipkart.com/infinix-xpad-lte-4-gb-ram-128-rom-11-0-inch-4g-tablet-frost-blue/p/itm5835f0015de39?pid=TABH4FPGDGEVMEAH&lid=LSTTABH4FPGDGEVMEAHBGIW3J&marketplace=FLIPKART&q=tablets&store=tyy%2Fhry&srno=s_1_8&otracker=search&fm=organic&iid=261275c9-cd12-4971-a79d-26a029b9cb90.TABH4FPGDGEVMEAH.SEARCH&ppt=pp&ppn=pp&ssid=6gf4fwvuww0000001763205940790&qH=c6411ee33ebd1dbd
59,Tablet,MOTOROLA Pad 60 Pro 8 GB RAM 128 GB ROM 12.7 inch with Wi-Fi Only Gaming Tablet (PANTONE Bronze Green),4.5★,5349,455,27999,36% off,https://www.flipkart.com/motorola-pad-60-pro-8-gb-ram-128-rom-12-7-inch-wi-fi-only-gaming-tablet-pantone-bronze-green/p/itm32831ab5b9ce5?pid=TABHBFQAWPWBEK5C&lid=LSTTABHBFQAWPWBEK5CYHUYWN&marketplace=FLIPKART&q=tablets&store=tyy%2Fhry&srno=s_1_9&otracker=search&fm=organic&iid=261275c9-cd12-4971-a79d-26a029b9cb90.TABHBFQAWPWBEK5C.SEARCH&ppt=pp&ppn=pp&ssid=6gf4fwvuww0000001763205940790&qH=c6411ee33ebd1dbd
60,Tablet,POCO Pad 5G 8 GB RAM 128 GB ROM 12.1 inch with Wi-Fi+5G Tablet (Cobalt Blue),4.4★,9167,749,21999,29% off,https://www.flipkart.com/poco-pad-5g-8-gb-ram-128-rom-12-1-inch-wi-fi-5g-tablet-cobalt-blue/p/itm08b56574bfddc?pid=TABH3QBC2AGQXZ2G&lid=LSTTABH3QBC2AGQXZ2GYJ40AJ&marketplace=FLIPKART&q=tablets&store=tyy%2Fhry&srno=s_1_10&otracker=search&fm=organic&iid=261275c9-cd12-4971-a79d-26a029b9cb90.TABH3QBC2AGQXZ2G.SEARCH&ppt=pp&ppn=pp&ssid=6gf4fwvuww0000001763205940790&qH=c6411ee33ebd1dbd
61,Tablet,Lenovo Tab P12 8 GB RAM 256 GB ROM 12.7 Inch with Wi-Fi Only Tablet (Storm Grey),4.4★,1903,210,22999,45% off,https://www.flipkart.com/lenovo-tab-p12-8-gb-ram-256-rom-12-7-inch-wi-fi-only-tablet-storm-grey/p/itma6f1554f3d043?pid=TABGSGGGSCBWGGZY&lid=LSTTABGSGGGSCBWGGZYSJLYZH&marketplace=FLIPKART&q=tablets&store=tyy%2Fhry&srno=s_1_11&otracker=search&fm=organic&iid=261275c9-cd12-4971-a79d-26a029b9cb90.TABGSGGGSCBWGGZY.SEARCH&ppt=pp&ppn=pp&ssid=6gf4fwvuww0000001763205940790&qH=c6411ee33ebd1dbd
62,Tablet,REDMI Pad 2 8 GB RAM 256 GB ROM 11.0 inch with Wi-Fi+4G Gaming Tablet (Graphite Grey),4.3★,2370,163,17999,18% off,https://www.flipkart.com/redmi-pad-2-8-gb-ram-256-rom-11-0-inch-wi-fi-4g-gaming-tablet-graphite-grey/p/itm4545f84f7980f?pid=TABHD5QURUHZKA72&lid=LSTTABHD5QURUHZKA72O5VSWZ&marketplace=FLIPKART&q=tablets&store=tyy%2Fhry&srno=s_1_12&otracker=search&fm=organic&iid=261275c9-cd12-4971-a79d-26a029b9cb90.TABHD5QURUHZKA72.SEARCH&ppt=pp&ppn=pp&ssid=6gf4fwvuww0000001763205940790&qH=c6411ee33ebd1dbd
63,Tablet,realme Pad 2 6 GB RAM 128 GB ROM 11.5 inch with 4G Tablet (Imagination Grey),4.4★,35762,2773,14799,48% off,https://www.flipkart.com/realme-pad-2-6-gb-ram-128-rom-11-5-inch-4g-tablet-imagination-grey/p/itmd0b2f34105355?pid=TABGRGWKVCXZGKDZ&lid=LSTTABGRGWKVCXZGKDZS5CFGY&marketplace=FLIPKART&q=tablets&store=tyy%2Fhry&srno=s_1_13&otracker=search&fm=organic&iid=261275c9-cd12-4971-a79d-26a029b9cb90.TABGRGWKVCXZGKDZ.SEARCH&ppt=pp&ppn=pp&ssid=6gf4fwvuww0000001763205940790&qH=c6411ee33ebd1dbd
64,Tablet,Samsung Galaxy Tab S9 FE 6 GB RAM 128 GB ROM 10.9 inch with Wi-Fi Only Tablet (Gray),4.5★,4425,228,26999,40% off,https://www.flipkart.com/samsung-galaxy-tab-s9-fe-6-gb-ram-128-rom-10-9-inch-wi-fi-only-tablet-gray/p/itmacf5e87940ecc?pid=TABGTDU7VPTP3ATM&lid=LSTTABGTDU7VPTP3ATMHBEUKC&marketplace=FLIPKART&q=tablets&store=tyy%2Fhry&srno=s_1_14&otracker=search&fm=organic&iid=261275c9-cd12-4971-a79d-26a029b9cb90.TABGTDU7VPTP3ATM.SEARCH&ppt=pp&ppn=pp&ssid=6gf4fwvuww0000001763205940790&qH=c6411ee33ebd1dbd
65,Tablet,REDMI  Pad SE 6 GB RAM 128 GB ROM 11.0 inch with Wi-Fi Only Tablet (Graphite Gray),4.4★,15761,993,12999,23% off,https://www.flipkart.com/redmi-pad-se-6-gb-ram-128-rom-11-0-inch-wi-fi-only-tablet-graphite-gray/p/itma5509f73ddb92?pid=TABHYYS9REEG55V6&lid=LSTTABHYYS9REEG55V6EQ7KW2&marketplace=FLIPKART&q=tablets&store=tyy%2Fhry&srno=s_1_15&otracker=search&fm=organic&iid=261275c9-cd12-4971-a79d-26a029b9cb90.TABHYYS9REEG55V6.SEARCH&ppt=pp&ppn=pp&ssid=6gf4fwvuww0000001763205940790&qH=c6411ee33ebd1dbd
66,Tablet,REDMI Pad 2 4 GB RAM 128 GB ROM 11.0 inch with Wi-Fi Only Gaming Tablet (Sky Blue),4.3★,2370,163,13925,18% off,https://www.flipkart.com/redmi-pad-2-4-gb-ram-128-rom-11-0-inch-wi-fi-only-gaming-tablet-sky-blue/p/itmaa8b5fb7d4f0e?pid=TABHD5QU2MKUEYPZ&lid=LSTTABHD5QU2MKUEYPZA4DY8R&marketplace=FLIPKART&q=tablets&store=tyy%2Fhry&srno=s_1_16&otracker=search&fm=organic&iid=261275c9-cd12-4971-a79d-26a029b9cb90.TABHD5QU2MKUEYPZ.SEARCH&ppt=pp&ppn=pp&ssid=6gf4fwvuww0000001763205940790&qH=c6411ee33ebd1dbd
67,Tablet,OnePlus Pad Go 8 GB RAM 128 GB ROM 11.35 inch with Wi-Fi Only Tablet (Twin Mint),4.5★,23589,1457,17999,10% off,https://www.flipkart.com/oneplus-pad-go-8-gb-ram-128-rom-11-35-inch-wi-fi-only-tablet-twin-mint/p/itmc6301daa35b04?pid=TABGTHGM4J4RSBQJ&lid=LSTTABGTHGM4J4RSBQJH7FV5Q&marketplace=FLIPKART&q=tablets&store=tyy%2Fhry&spotlightTagId=default_FkPickId_tyy%2Fhry&srno=s_1_17&otracker=search&fm=organic&iid=261275c9-cd12-4971-a79d-26a029b9cb90.TABGTHGM4J4RSBQJ.SEARCH&ppt=sp&ppn=sp&ssid=6gf4fwvuww0000001763205940790&qH=c6411ee33ebd1dbd
68,Tablet,OnePlus Pad Lite 8 GB RAM 128 GB ROM 11.0 inch with Wi-Fi+4G Tablet (Aero Blue),4.4★,2375,117,17999,28% off,https://www.flipkart.com/oneplus-pad-lite-8-gb-ram-128-rom-11-0-inch-wi-fi-4g-tablet-aero-blue/p/itm43f3d68c17625?pid=TABHE7YRF7ZTJKEA&lid=LSTTABHE7YRF7ZTJKEARF8DIJ&marketplace=FLIPKART&q=tablets&store=tyy%2Fhry&srno=s_1_18&otracker=search&fm=organic&iid=261275c9-cd12-4971-a79d-26a029b9cb90.TABHE7YRF7ZTJKEA.SEARCH&ppt=pp&ppn=pp&ssid=6gf4fwvuww0000001763205940790&qH=c6411ee33ebd1dbd
69,Tablet,Samsung Galaxy Tab S9 FE+ 8 GB RAM 128 GB ROM 12.4 Inch with Wi-Fi Only Tablet (Mint),4.6★,24848,1052,44990,19% off,https://www.flipkart.com/samsung-galaxy-tab-s9-fe-8-gb-ram-128-rom-12-4-inch-wi-fi-only-tablet-mint/p/itm20d403596715d?pid=TABGTDU7TFBBTYQC&lid=LSTTABGTDU7TFBBTYQCBPWHPF&marketplace=FLIPKART&q=tablets&store=tyy%2Fhry&srno=s_1_19&otracker=search&fm=organic&iid=261275c9-cd12-4971-a79d-26a029b9cb90.TABGTDU7TFBBTYQC.SEARCH&ppt=pp&ppn=pp&ssid=6gf4fwvuww0000001763205940790&qH=c6411ee33ebd1dbd
70,Tablet,REDMI Pad 2 8 GB RAM 256 GB ROM 11.0 inch with Wi-Fi+4G Gaming Tablet (Sky Blue),4.3★,2370,163,17999,18% off,https://www.flipkart.com/redmi-pad-2-8-gb-ram-256-rom-11-0-inch-wi-fi-4g-gaming-tablet-sky-blue/p/itm2bfda5bff91df?pid=TABHD5QUZYVGWQZW&lid=LSTTABHD5QUZYVGWQZWGX0WD4&marketplace=FLIPKART&q=tablets&store=tyy%2Fhry&srno=s_1_20&otracker=search&fm=organic&iid=261275c9-cd12-4971-a79d-26a029b9cb90.TABHD5QUZYVGWQZW.SEARCH&ppt=pp&ppn=pp&ssid=6gf4fwvuww0000001763205940790&qH=c6411ee33ebd1dbd
71,Tablet,REDMI  Pad Pro 6 GB RAM 128 GB ROM 12.1 inch with Wi-Fi Only Tablet (Graphite Grey),4.4★,1726,104,20999,16% off,https://www.flipkart.com/redmi-pad-pro-6-gb-ram-128-rom-12-1-inch-wi-fi-only-tablet-graphite-grey/p/itmf69c2b73a4b37?pid=TABH32JHNMHX6WZM&lid=LSTTABH32JHNMHX6WZMXGFIEG&marketplace=FLIPKART&q=tablets&store=tyy%2Fhry&srno=s_1_21&otracker=search&fm=organic&iid=261275c9-cd12-4971-a79d-26a029b9cb90.TABH32JHNMHX6WZM.SEARCH&ppt=pp&ppn=pp&ssid=6gf4fwvuww0000001763205940790&qH=c6411ee33ebd1dbd
72,Tablet,POCO Pad 5G 8 GB RAM 128 GB ROM 12.1 inch with Wi-Fi+5G Tablet (Pistachio Green),4.4★,9167,749,21999,29% off,https://www.flipkart.com/poco-pad-5g-8-gb-ram-128-rom-12-1-inch-wi-fi-5g-tablet-pistachio-green/p/itm08b56574bfddc?pid=TABH3QBCSJ3Y6XHY&lid=LSTTABH3QBCSJ3Y6XHYOPRXKY&marketplace=FLIPKART&q=tablets&store=tyy%2Fhry&srno=s_1_22&otracker=search&fm=organic&iid=261275c9-cd12-4971-a79d-26a029b9cb90.TABH3QBCSJ3Y6XHY.SEARCH&ppt=pp&ppn=pp&ssid=6gf4fwvuww0000001763205940790&qH=c6411ee33ebd1dbd
73,Tablet,realme Pad 2 Lite 4 GB RAM 128 GB ROM 10.95 inch with 4G Tablet (Nebula Purple),4.4★,11352,923,12999,38% off,https://www.flipkart.com/realme-pad-2-lite-4-gb-ram-128-rom-10-95-inch-4g-tablet-nebula-purple/p/itm963316f78a59e?pid=TABH4E3HAQYSCY2B&lid=LSTTABH4E3HAQYSCY2BY9HJKY&marketplace=FLIPKART&q=tablets&store=tyy%2Fhry&srno=s_1_23&otracker=search&fm=organic&iid=261275c9-cd12-4971-a79d-26a029b9cb90.TABH4E3HAQYSCY2B.SEARCH&ppt=pp&ppn=pp&ssid=6gf4fwvuww0000001763205940790&qH=c6411ee33ebd1dbd
74,Tablet,OnePlus Pad Go 8 GB RAM 256 GB ROM 11.35 inch with 4G Tablet (Twin Mint),4.5★,23589,1457,21999,8% off,https://www.flipkart.com/oneplus-pad-go-8-gb-ram-256-rom-11-35-inch-4g-tablet-twin-mint/p/itmc6301daa35b04?pid=TABGTHGMBPDCHWGP&lid=LSTTABGTHGMBPDCHWGPGKWV1B&marketplace=FLIPKART&q=tablets&store=tyy%2Fhry&srno=s_1_24&otracker=search&fm=organic&iid=261275c9-cd12-4971-a79d-26a029b9cb90.TABGTHGMBPDCHWGP.SEARCH&ppt=pp&ppn=pp&ssid=6gf4fwvuww0000001763205940790&qH=c6411ee33ebd1dbd
75,Tablet,Infinix XPAD LTE 4 GB RAM 128 GB ROM 11.0 inch with 4G Tablet (Frost Blue),4.4★,2555,273,11999,40% off,https://www.flipkart.com/infinix-xpad-lte-4-gb-ram-128-rom-11-0-inch-4g-tablet-frost-blue/p/itm5835f0015de39?pid=TABH4FPGDGEVMEAH&marketplace=FLIPKART
76,Headphones,"TRIGGR Trinity 2 with Dual Pairing, ENC, Fast Charge, 50H Battery, Rubber Finish, v5.3 Bluetooth  (Jungle Green, On the Ear)",3.9★,11589,1190,899,70% off,https://www.flipkart.com/triggr-trinity-2-dual-pairing-enc-fast-charge-50h-battery-rubber-finish-v5-3-bluetooth/p/itm7069ab0b0c2fc?pid=ACCH8Q2VF8FB3BVZ&lid=LSTACCH8Q2VF8FB3BVZU7MBD1&marketplace=FLIPKART&q=headphones&store=0pm%2Ffcn%2Fgc3&srno=s_1_1&otracker=search&fm=organic&iid=en_dtVlNqDadEZ15-ZNhZCJT4fZ8RP9IirBtn_VPwCkf4gbTsfGL8k-syunn4WdLH4AlAoWBKBIGasO01vey2QBh04IsYyWu-Pj9cxFjFAoaLk%3D&ppt=pp&ppn=pp&ssid=hori6nbra80000001763206134150&qH=edd443896ef5dbfc
77,Headphones,"GOBOULT Fluid X 60H Battery, 40mm Drivers, Foldable design, ENC Mic, Gaming Mode, 5.4v Bluetooth & Wired  (White, On the Ear)",4.1★,14099,1176,1999,66% off,https://www.flipkart.com/goboult-fluid-x-60h-battery-40mm-drivers-foldable-design-enc-mic-gaming-mode-5-4v-bluetooth-wired/p/itm8f4302035813f?pid=ACCHF634UXAKXXUH&lid=LSTACCHF634UXAKXXUH4BVJTC&marketplace=FLIPKART&q=headphones&store=0pm%2Ffcn%2Fgc3&srno=s_1_2&otracker=search&fm=organic&iid=en_dtVlNqDadEZ15-ZNhZCJT4fZ8RP9IirBtn_VPwCkf4iumpowFJKjvmR4oGqNquOacdrZoxjMJZZ15ZDskxsCYPUFjCTyOHoHZs-Z5_PS_w0%3D&ppt=pp&ppn=pp&ssid=hori6nbra80000001763206134150&qH=edd443896ef5dbfc
78,Headphones,"Worricow Lastest Wireless Headphone & Mic HD Bass Clear Sound Bluetooth Gaming Headset Bluetooth  (Blue, On the Ear)",3.5★,34,2,286,71% off,https://www.flipkart.com/worricow-lastest-wireless-headphone-mic-hd-bass-clear-sound-bluetooth-gaming-headset/p/itm992ad2057e159?pid=ACCGV9NQVRZR7YKZ&lid=LSTACCGV9NQVRZR7YKZGFHV0M&marketplace=FLIPKART&q=headphones&store=0pm%2Ffcn%2Fgc3&srno=s_1_3&otracker=search&fm=organic&iid=7a92850f-0dca-4bf4-bebf-c7cbc4b18cc9.ACCGV9NQVRZR7YKZ.SEARCH&ppt=pp&ppn=pp&ssid=hori6nbra80000001763206134150&qH=edd443896ef5dbfc
79,Headphones,"Techpunch COMFORTABLE EAR PADS WIRELESS HEADPHONE WITH AUX SUPPORT COMPATIBLE DEVICE. Bluetooth & Wired  (White, On the Ear)",3.5★,11492,497,290,70% off,https://www.flipkart.com/techpunch-comfortable-ear-pads-wireless-headphone-aux-support-compatible-device-bluetooth-wired/p/itm60af9bf9d60a5?pid=ACCGSYYWVYZVXJNV&lid=LSTACCGSYYWVYZVXJNVQRD93A&marketplace=FLIPKART&q=headphones&store=0pm%2Ffcn%2Fgc3&srno=s_1_4&otracker=search&fm=organic&iid=7a92850f-0dca-4bf4-bebf-c7cbc4b18cc9.ACCGSYYWVYZVXJNV.SEARCH&ppt=pp&ppn=pp&ssid=hori6nbra80000001763206134150&qH=edd443896ef5dbfc
80,Headphones,"boAt Rockerz 412, 60H Battery,40ms Latency,ENx, Stream Ad Free Music via App Bluetooth  (Active Black, On the Ear)",4.3★,398712,41184,1299,56% off,https://www.flipkart.com/boat-rockerz-412-60h-battery-40ms-latency-enx-stream-ad-free-music-via-app-bluetooth/p/itmb5dd2c5d386eb?pid=ACCHCJW3ENYUPQAA&lid=LSTACCHCJW3ENYUPQAADSZLBB&marketplace=FLIPKART&q=headphones&store=0pm%2Ffcn%2Fgc3&srno=s_1_5&otracker=search&fm=organic&iid=7a92850f-0dca-4bf4-bebf-c7cbc4b18cc9.ACCHCJW3ENYUPQAA.SEARCH&ppt=pp&ppn=pp&ssid=hori6nbra80000001763206134150&qH=edd443896ef5dbfc
81,Headphones,"GOBOULT (previously Boult) Q 70Hrs Battery, ENC Mic, 40mm Boosted Drivers, 4 EQ Modes Bluetooth & Wired  (Powder Blue, On the Ear)",4.1★,14099,1176,1599,73% off,https://www.flipkart.com/goboult-previously-boult-q-70hrs-battery-enc-mic-40mm-boosted-drivers-4-eq-modes-bluetooth-wired/p/itm55a00db643724?pid=ACCHFJBHTPSNKFC9&lid=LSTACCHFJBHTPSNKFC991IFWK&marketplace=FLIPKART&q=headphones&store=0pm%2Ffcn%2Fgc3&srno=s_1_6&otracker=search&fm=organic&iid=en_dtVlNqDadEZ15-ZNhZCJT4fZ8RP9IirBtn_VPwCkf4hgV_O91WkdF0QDp9N2SO85o1HN0WQxj9iSQXs42jda4H3Gaq_wzx4HJysDmGalzMk%3D&ppt=pp&ppn=pp&ssid=hori6nbra80000001763206134150&qH=edd443896ef5dbfc
82,Headphones,"ZEBRONICS Zeb- Thunder, With 60H Backup, BT v5.3, Gaming Mode, ENC, AUX, mSD, Dual Pairing Bluetooth  (Black, On the Ear)",4★,125311,11492,799,52% off,https://www.flipkart.com/zebronics-zeb-thunder-60h-backup-bt-v5-3-gaming-mode-enc-aux-msd-dual-pairing-bluetooth/p/itm241139e524726?pid=ACCFBHDEHZFK6M2Y&lid=LSTACCFBHDEHZFK6M2YEW7GQQ&marketplace=FLIPKART&q=headphones&store=0pm%2Ffcn%2Fgc3&srno=s_1_7&otracker=search&fm=organic&iid=7a92850f-0dca-4bf4-bebf-c7cbc4b18cc9.ACCFBHDEHZFK6M2Y.SEARCH&ppt=pp&ppn=pp&ssid=hori6nbra80000001763206134150&qH=edd443896ef5dbfc
83,Headphones,"AIZINA High-Quality Bluetooth Headset with Microphone for Clear Sound._SF Bluetooth & Wired  (Black, On the Ear)",3.6★,0,0,498,88% off,https://www.flipkart.com/aizina-high-quality-bluetooth-headset-microphone-clear-sound-sf-wired/p/itme5b0c7852d394?pid=ACCHGCBQYKYUAQVY&lid=LSTACCHGCBQYKYUAQVYHLTB7Y&marketplace=FLIPKART&q=headphones&store=0pm%2Ffcn%2Fgc3&srno=s_1_8&otracker=search&fm=organic&iid=7a92850f-0dca-4bf4-bebf-c7cbc4b18cc9.ACCHGCBQYKYUAQVY.SEARCH&ppt=pp&ppn=pp&ssid=hori6nbra80000001763206134150&qH=edd443896ef5dbfc
84,Headphones,"YAROH SH12 Premium (Bluetooth Headset) with Noise Cancelation Technology_LLL431 Bluetooth  (Multicolor, On the Ear)",3.6★,78,2,569,52% off,https://www.flipkart.com/yaroh-sh12-premium-bluetooth-headset-noise-cancelation-technology-lll431-bluetooth/p/itmcf101e616b93c?pid=ACCHFJ8CSE7ZKZE3&lid=LSTACCHFJ8CSE7ZKZE3RQIZ5K&marketplace=FLIPKART&q=headphones&store=0pm%2Ffcn%2Fgc3&srno=s_1_9&otracker=search&fm=organic&iid=7a92850f-0dca-4bf4-bebf-c7cbc4b18cc9.ACCHFJ8CSE7ZKZE3.SEARCH&ppt=pp&ppn=pp&ssid=hori6nbra80000001763206134150&qH=edd443896ef5dbfc
85,Headphones,"Pharaoh P9 Wireless Bluetooth Headphones Over Ear With Noise Reduction A6 Bluetooth Gaming  (Multicolor, On the Ear)",3.5★,4,0,599,40% off,https://www.flipkart.com/pharaoh-p9-wireless-bluetooth-headphones-over-ear-noise-reduction-a6-gaming/p/itm515189e85e969?pid=ACCHGNKATHKAKAJE&lid=LSTACCHGNKATHKAKAJEPAI3BK&marketplace=FLIPKART&q=headphones&store=0pm%2Ffcn%2Fgc3&srno=s_1_10&otracker=search&fm=organic&iid=7a92850f-0dca-4bf4-bebf-c7cbc4b18cc9.ACCHGNKATHKAKAJE.SEARCH&ppt=pp&ppn=pp&ssid=hori6nbra80000001763206134150&qH=edd443896ef5dbfc
86,Headphones,"boAt Rockerz 430, 40ms Latency, 40H Battery, Stream Ad Free Music via App, Bluetooth  (Iris Black, On the Ear)",4.1★,49092,3144,1119,55% off,https://www.flipkart.com/boat-rockerz-430-40ms-latency-40h-battery-stream-ad-free-music-via-app-bluetooth/p/itm5dca8110e361c?pid=ACCH44E5WV9JCZ5Z&lid=LSTACCH44E5WV9JCZ5Z2EJNOB&marketplace=FLIPKART&q=headphones&store=0pm%2Ffcn%2Fgc3&srno=s_1_11&otracker=search&fm=organic&iid=en_dtVlNqDadEZ15-ZNhZCJT4fZ8RP9IirBtn_VPwCkf4j4xzQiiwzijE9tY3yWELHKM6fm3tKAqs4VId7f8wFgweo15S0a61Wzzbg3qNOknKY%3D&ppt=pp&ppn=pp&ssid=hori6nbra80000001763206134150&qH=edd443896ef5dbfc
87,Headphones,"TRIGGR Trinity 2 with Dual Pairing, ENC, Fast Charge, 50H Battery, Rubber Finish, v5.3 Bluetooth  (Bordeaux Maroon, On the Ear)",3.9★,11589,1190,899,70% off,https://www.flipkart.com/triggr-trinity-2-dual-pairing-enc-fast-charge-50h-battery-rubber-finish-v5-3-bluetooth/p/itm72833fceaeef3?pid=ACCHE5CSGSGBMFZQ&lid=LSTACCHE5CSGSGBMFZQ222VMN&marketplace=FLIPKART&q=headphones&store=0pm%2Ffcn%2Fgc3&srno=s_1_12&otracker=search&fm=organic&iid=en_dtVlNqDadEZ15-ZNhZCJT4fZ8RP9IirBtn_VPwCkf4g5g8DuZ-ZDh3iK2hfkfCqZlVBOlpQss34Ab-zD6vm6vWaRs4JL222ZRV-dN99QnxU%3D&ppt=pp&ppn=pp&ssid=hori6nbra80000001763206134150&qH=edd443896ef5dbfc
88,Headphones,"ZEBRONICS Thunder, With 60H Backup, BT v5.3, Gaming Mode, ENC, AUX, mSD, Dual Pairing Bluetooth  (Sea Green, On the Ear)",4★,125311,11492,799,52% off,https://www.flipkart.com/zebronics-thunder-60h-backup-bt-v5-3-gaming-mode-enc-aux-msd-dual-pairing-bluetooth/p/itmc9961175237ba?pid=ACCG5ECTSSNTX9KZ&lid=LSTACCG5ECTSSNTX9KZOGY4O7&marketplace=FLIPKART&q=headphones&store=0pm%2Ffcn%2Fgc3&srno=s_1_13&otracker=search&fm=organic&iid=7a92850f-0dca-4bf4-bebf-c7cbc4b18cc9.ACCG5ECTSSNTX9KZ.SEARCH&ppt=pp&ppn=pp&ssid=hori6nbra80000001763206134150&qH=edd443896ef5dbfc
89,Headphones,"house of common Foldable Wireless Bass Wave Bass Channel_P5 Bluetooth & Wired  (Black, On the Ear)",3.6★,0,0,495,88% off,https://www.flipkart.com/house-common-foldable-wireless-bass-wave-channel-p5-bluetooth-wired/p/itmc01774043b54b?pid=ACCHHHYVHFHZVGAC&lid=LSTACCHHHYVHFHZVGACIACJBL&marketplace=FLIPKART&q=headphones&store=0pm%2Ffcn%2Fgc3&srno=s_1_14&otracker=search&fm=organic&iid=7a92850f-0dca-4bf4-bebf-c7cbc4b18cc9.ACCHHHYVHFHZVGAC.SEARCH&ppt=pp&ppn=pp&ssid=hori6nbra80000001763206134150&qH=edd443896ef5dbfc
90,Headphones,"boAt BassHeads 900 Wired  (Carbon Black, On the Ear)",4.3★,290295,35392,934,62% off,https://www.flipkart.com/boat-bassheads-900-wired/p/itm75695e3b59495?pid=ACCEX3U2RXJFUGWG&lid=LSTACCEX3U2RXJFUGWGIADCYQ&marketplace=FLIPKART&q=headphones&store=0pm%2Ffcn%2Fgc3&srno=s_1_15&otracker=search&fm=organic&iid=7a92850f-0dca-4bf4-bebf-c7cbc4b18cc9.ACCEX3U2RXJFUGWG.SEARCH&ppt=pp&ppn=pp&ssid=hori6nbra80000001763206134150&qH=edd443896ef5dbfc
91,Headphones,"house of common Gaming Style Headphones with Mic, SD Card Slot, Long Battery_E6 Bluetooth & Wired  (Black, On the Ear)",3.6★,0,0,495,88% off,https://www.flipkart.com/house-common-gaming-style-headphones-mic-sd-card-slot-long-battery-e6-bluetooth-wired/p/itmc3edc683326ba?pid=ACCHHHYWGZBN7YXU&lid=LSTACCHHHYWGZBN7YXURBC8TO&marketplace=FLIPKART&q=headphones&store=0pm%2Ffcn%2Fgc3&srno=s_1_16&otracker=search&fm=organic&iid=7a92850f-0dca-4bf4-bebf-c7cbc4b18cc9.ACCHHHYWGZBN7YXU.SEARCH&ppt=pp&ppn=pp&ssid=hori6nbra80000001763206134150&qH=edd443896ef5dbfc
92,Headphones,"TRIGGR Trinity 2 with Dual Pairing, ENC, Fast Charge, 50H Battery, Rubber Finish, v5.3 Bluetooth  (Shark Grey, On the Ear)",3.9★,11589,1190,1199,60% off,https://www.flipkart.com/triggr-trinity-2-dual-pairing-enc-fast-charge-50h-battery-rubber-finish-v5-3-bluetooth/p/itmf187255153195?pid=ACCHE5CSYGVG5H97&lid=LSTACCHE5CSYGVG5H973JEXVM&marketplace=FLIPKART&q=headphones&store=0pm%2Ffcn%2Fgc3&srno=s_1_17&otracker=search&fm=organic&iid=en_dtVlNqDadEZ15-ZNhZCJT4fZ8RP9IirBtn_VPwCkf4hpnaHwt310Q_Nd1l7h5ydSKAU1VtmUMyZliNdgmhWTjonfEY2D5bWfIUmTlXs_oiU%3D&ppt=pp&ppn=pp&ssid=hori6nbra80000001763206134150&qH=edd443896ef5dbfc
93,Headphones,"GOBOULT Mustang Q 70Hrs Battery, ENC Mic, 40mm Bass Boosted Drivers, 4 EQ Modes, 5.4v Bluetooth & Wired  (Blue, On the Ear)",4.2★,2676,261,2299,67% off,https://www.flipkart.com/goboult-mustang-q-70hrs-battery-enc-mic-40mm-bass-boosted-drivers-4-eq-modes-5-4v-bluetooth-wired/p/itmce195bb800aac?pid=ACCH8KFYHKYG3ZFU&lid=LSTACCH8KFYHKYG3ZFU46NBUT&marketplace=FLIPKART&q=headphones&store=0pm%2Ffcn%2Fgc3&srno=s_1_18&otracker=search&fm=organic&iid=en_dtVlNqDadEZ15-ZNhZCJT4fZ8RP9IirBtn_VPwCkf4hxCqX55uzF-ZHNgyY8c4QoDNRQumsH7nlULsgjGsfP-fKSJvID5C-RdFfAlzwDiqI%3D&ppt=pp&ppn=pp&ssid=hori6nbra80000001763206134150&qH=edd443896ef5dbfc
94,Headphones,"Worricow Wireless Bluetooth Bluetooth  (Black, On the Ear)",3.4★,430,11,286,71% off,https://www.flipkart.com/worricow-wireless-bluetooth/p/itmcf6233b2498ab?pid=ACCHFYK4PUMC4MZH&lid=LSTACCHFYK4PUMC4MZHIPGKCL&marketplace=FLIPKART&q=headphones&store=0pm%2Ffcn%2Fgc3&srno=s_1_19&otracker=search&fm=organic&iid=7a92850f-0dca-4bf4-bebf-c7cbc4b18cc9.ACCHFYK4PUMC4MZH.SEARCH&ppt=pp&ppn=pp&ssid=hori6nbra80000001763206134150&qH=edd443896ef5dbfc
95,Headphones,"F FERONS Wireless Headphone BT 5.0 Over Ear Foldable with Built-in Mic SD Card Supported Bluetooth  (Mid Night Black, On the Ear)",3.8★,16287,1382,299,88% off,https://www.flipkart.com/f-ferons-wireless-headphone-bt-5-0-over-ear-foldable-built-in-mic-sd-card-supported-bluetooth/p/itmca679dbd7a473?pid=ACCHEA3KFVTMRQNU&lid=LSTACCHEA3KFVTMRQNUGB83EB&marketplace=FLIPKART&q=headphones&store=0pm%2Ffcn%2Fgc3&srno=s_1_20&otracker=search&fm=organic&iid=7a92850f-0dca-4bf4-bebf-c7cbc4b18cc9.ACCHEA3KFVTMRQNU.SEARCH&ppt=pp&ppn=pp&ssid=hori6nbra80000001763206134150&qH=edd443896ef5dbfc
96,Headphones,"boAt 450 Pro with Upto 70 Hours Playback Bluetooth  (Hazel Beige, On the Ear)",4.2★,86917,7635,1799,54% off,https://www.flipkart.com/boat-450-pro-upto-70-hours-playback-bluetooth/p/itm575777beb2c09?pid=ACCGYUVXVVMZJRHF&lid=LSTACCGYUVXVVMZJRHFNV55IR&marketplace=FLIPKART&q=headphones&store=0pm%2Ffcn%2Fgc3&srno=s_1_21&otracker=search&fm=organic&iid=en_dtVlNqDadEZ15-ZNhZCJT4fZ8RP9IirBtn_VPwCkf4g4ft4zxUZgI8LQoAiPNqLKJOB42_T10emDXurAWE47CfcUmN_6PwCReg_VTM4VLxo%3D&ppt=pp&ppn=pp&ssid=hori6nbra80000001763206134150&qH=edd443896ef5dbfc
97,Headphones,"GOBOULT Anchor ANC Calling, 72H Battery, Dual Pairing, Foldable Built, 40mm Driver, 5.4v Bluetooth & Wired  (Pure Black, On the Ear)",4.1★,538,69,2799,72% off,https://www.flipkart.com/goboult-anchor-anc-calling-72h-battery-dual-pairing-foldable-built-40mm-driver-5-4v-bluetooth-wired/p/itm55ca985e97d08?pid=ACCHBA79YGAKP5MH&lid=LSTACCHBA79YGAKP5MHTTDXKU&marketplace=FLIPKART&q=headphones&store=0pm%2Ffcn%2Fgc3&srno=s_1_22&otracker=search&fm=organic&iid=en_dtVlNqDadEZ15-ZNhZCJT4fZ8RP9IirBtn_VPwCkf4gocUyspMjNnaHTgVc3vcibkIvX-UUbW_BytrGM_DkPMMDbPjpExlWhmpgUQnOg2ao%3D&ppt=pp&ppn=pp&ssid=hori6nbra80000001763206134150&qH=edd443896ef5dbfc
98,Headphones,"ZEBRONICS Zeb-Duke 1, Wireless Headphones, 34Hrs* Backup, AUX, Dual Pairing, 40mm Drivers Bluetooth  (Green, On the Ear)",4★,1391,150,799,68% off,https://www.flipkart.com/zebronics-zeb-duke-1-wireless-headphones-34hrs-backup-aux-dual-pairing-40mm-drivers-bluetooth/p/itm20ff49d92d4cb?pid=ACCG9AUAG9UAE5VY&lid=LSTACCG9AUAG9UAE5VYTTHSPH&marketplace=FLIPKART&q=headphones&store=0pm%2Ffcn%2Fgc3&srno=s_1_23&otracker=search&fm=organic&iid=7a92850f-0dca-4bf4-bebf-c7cbc4b18cc9.ACCG9AUAG9UAE5VY.SEARCH&ppt=pp&ppn=pp&ssid=hori6nbra80000001763206134150&qH=edd443896ef5dbfc
99,Headphones,"boAt Rockerz 550, 50mm Drivers, 20 H Battery, Stream Ad Free Music via App Support Bluetooth  (Army Green, On the Ear)",4.1★,7940,479,1499,70% off,https://www.flipkart.com/boat-rockerz-550-50mm-drivers-20-h-battery-stream-ad-free-music-via-app-support-bluetooth/p/itmdbfdf45e6a9ed?pid=ACCGZ6GZGQAZNGTY&lid=LSTACCGZ6GZGQAZNGTYN0BQ2B&marketplace=FLIPKART&q=headphones&store=0pm%2Ffcn%2Fgc3&srno=s_1_24&otracker=search&fm=organic&iid=7a92850f-0dca-4bf4-bebf-c7cbc4b18cc9.ACCGZ6GZGQAZNGTY.SEARCH&ppt=pp&ppn=pp&ssid=hori6nbra80000001763206134150&qH=edd443896ef5dbfc
100,Headphones,"boAt Rockerz 650 Pro(2025 Launch), Touch/Swipe Controls, Dolby Audio, 80 Hrs Battery Bluetooth  (Iris Black, On the Ear)",4.2★,86917,7635,2799,68% off,https://www.flipkart.com/boat-rockerz-650-pro-2025-launch-touch-swipe-controls-dolby-audio-80-hrs-battery-bluetooth/p/itmded454eeb49f5?pid=ACCH8GEKZGUC4GHW&lid=LSTACCH8GEKZGUC4GHWLQFPMK&marketplace=FLIPKART&q=headphones&store=0pm%2Ffcn%2Fgc3&srno=s_1_25&otracker=search&fm=organic&iid=7a92850f-0dca-4bf4-bebf-c7cbc4b18cc9.ACCH8GEKZGUC4GHW.SEARCH&ppt=pp&ppn=pp&ssid=hori6nbra80000001763206134150&qH=edd443896ef5dbfc
101,Smartwatch,"GOBOULT Drift+ 1.85"" ,BT Calling, 500Nits Brightness, 150+ Watchfaces Smartwatch  (Jet Black Strap, Free Size)",4.1★,404692,22523,1099,87% off,https://www.flipkart.com/goboult-drift-1-85-bt-calling-500nits-brightness-150-watchfaces-smartwatch/p/itmdbaa03538e0b8?pid=SMWGMH4JA69PG4TF&lid=LSTSMWGMH4JA69PG4TF75UAZN&marketplace=FLIPKART&q=smartwatch&store=ajy%2Fbuh&srno=s_1_1&otracker=search&fm=organic&iid=en_qrH836Sz479SXiuB-GeOqJkRsqavnhQm7wfK6yVCiUO6prGMQXQ2el9ephEItfNCi76FlxkUKqb0V3hBfSg-fvUFjCTyOHoHZs-Z5_PS_w0%3D&ppt=pp&ppn=pp&ssid=vulrkvcd680000001763206323097&qH=adc5bc5b72db9fa3
102,Smartwatch,"Fire-Boltt Ninja Calling Pro Plus 46.5mm (1.83) Display Bluetooth, AI Voice Smartwatch  (Cinnamon Slate Strap, Free Size)",4.1★,433179,49094,999,90% off,https://www.flipkart.com/fire-boltt-ninja-calling-pro-plus-46-5mm-1-83-display-bluetooth-ai-voice-smartwatch/p/itmdae622722ef85?pid=SMWH9QPGPP27WEYK&lid=LSTSMWH9QPGPP27WEYK5PQSRB&marketplace=FLIPKART&q=smartwatch&store=ajy%2Fbuh&srno=s_1_2&otracker=search&fm=organic&iid=en_qrH836Sz479SXiuB-GeOqJkRsqavnhQm7wfK6yVCiUNAKA0182_Ol4IanZ0S-Vryu5trpH3Xv4X3I0n-Cbs1xfUFjCTyOHoHZs-Z5_PS_w0%3D&ppt=pp&ppn=pp&ssid=vulrkvcd680000001763206323097&qH=adc5bc5b72db9fa3
103,Smartwatch,"Cellecor STEW 1.83"" BT Calling, 500 NITS, AI Voice Assistant,SPo2,HR, Split Screen Smartwatch  (Pink Strap, Free Size)",4.2★,9560,588,799,80% off,https://www.flipkart.com/cellecor-stew-1-83-bt-calling-500-nits-ai-voice-assistant-spo2-hr-split-screen-smartwatch/p/itmc30f68a6a2c52?pid=SMWH8883C8TGENDE&lid=LSTSMWH8883C8TGENDEKPEPLX&marketplace=FLIPKART&q=smartwatch&store=ajy%2Fbuh&srno=s_1_3&otracker=search&fm=organic&iid=7748a033-c578-4bc9-aaa8-1dcf194b4156.SMWH8883C8TGENDE.SEARCH&ppt=pp&ppn=pp&ssid=vulrkvcd680000001763206323097&qH=adc5bc5b72db9fa3
104,Smartwatch,"Cellecor 1.91"" HD Display | 600 NITS | BT-Calling | AI Voice | IP67 WaterResistant Smartwatch  (GARNISH/DARK GREY Strap, Free Size)",4.1★,1109,92,799,80% off,https://www.flipkart.com/cellecor-1-91-hd-display-600-nits-bt-calling-ai-voice-ip67-waterresistant-smartwatch/p/itm581f34a3a7d9c?pid=SMWHYBQJVPP4H4AH&lid=LSTSMWHYBQJVPP4H4AHHNNLKT&marketplace=FLIPKART&q=smartwatch&store=ajy%2Fbuh&srno=s_1_4&otracker=search&fm=organic&iid=7748a033-c578-4bc9-aaa8-1dcf194b4156.SMWHYBQJVPP4H4AH.SEARCH&ppt=pp&ppn=pp&ssid=vulrkvcd680000001763206323097&qH=adc5bc5b72db9fa3
105,Smartwatch,"Cellecor HYPE 1.50"" HD IPS Display with 500 NITS | BT-Calling | VoiceAssistant Smartwatch  (Blue Strap, Free Size)",4.2★,3537,239,899,77% off,https://www.flipkart.com/cellecor-hype-1-50-hd-ips-display-500-nits-bt-calling-voiceassistant-smartwatch/p/itm3fe3e6dedab6b?pid=SMWH46ZGBJURBKBX&lid=LSTSMWH46ZGBJURBKBXP2F5LF&marketplace=FLIPKART&q=smartwatch&store=ajy%2Fbuh&srno=s_1_5&otracker=search&fm=organic&iid=7748a033-c578-4bc9-aaa8-1dcf194b4156.SMWH46ZGBJURBKBX.SEARCH&ppt=pp&ppn=pp&ssid=vulrkvcd680000001763206323097&qH=adc5bc5b72db9fa3
106,Smartwatch,"GOBOULT Drift BT Calling HD Display, 140+ Watchface, BT calling Smartwatch  (Sand Black Strap, Free Size)",4.1★,404692,22523,999,87% off,https://www.flipkart.com/goboult-drift-bt-calling-hd-display-140-watchface-smartwatch/p/itm44dae90456a3d?pid=SMWGMH4RUBYE7SHF&lid=LSTSMWGMH4RUBYE7SHFJEOYVO&marketplace=FLIPKART&q=smartwatch&store=ajy%2Fbuh&srno=s_1_6&otracker=search&fm=organic&iid=en_qrH836Sz479SXiuB-GeOqJkRsqavnhQm7wfK6yVCiUPUd512DRwH65XcIrjLz5WqKKcGSm-PMCZed6tTwUT18YQEIsITtCzc4bHaOMTqL08%3D&ppt=pp&ppn=pp&ssid=vulrkvcd680000001763206323097&qH=adc5bc5b72db9fa3
107,Smartwatch,"REPOINT Big Smart watch combo 10 in one Smartwatch  (Multicolour Strap, 42)",4★,60,1,799,50% off,https://www.flipkart.com/repoint-big-smart-watch-combo-10-one-smartwatch/p/itm4b35b19756e3a?pid=SMWHEHKJQMSKNUJ5&lid=LSTSMWHEHKJQMSKNUJ5VI4EGZ&marketplace=FLIPKART&q=smartwatch&store=ajy%2Fbuh&srno=s_1_7&otracker=search&fm=organic&iid=7748a033-c578-4bc9-aaa8-1dcf194b4156.SMWHEHKJQMSKNUJ5.SEARCH&ppt=pp&ppn=pp&ssid=vulrkvcd680000001763206323097&qH=adc5bc5b72db9fa3
108,Smartwatch,"Cellecor STEW 1.83"" BT Calling, 500 NITS, AI Voice Assistant,SPo2,HR, Split Screen Smartwatch  (Blue Strap, Free Size)",4.2★,9560,588,799,80% off,https://www.flipkart.com/cellecor-stew-1-83-bt-calling-500-nits-ai-voice-assistant-spo2-hr-split-screen-smartwatch/p/itmd3cba5b776f15?pid=SMWGVWS5ZYSBFHQC&lid=LSTSMWGVWS5ZYSBFHQCICL72M&marketplace=FLIPKART&q=smartwatch&store=ajy%2Fbuh&srno=s_1_8&otracker=search&fm=organic&iid=7748a033-c578-4bc9-aaa8-1dcf194b4156.SMWGVWS5ZYSBFHQC.SEARCH&ppt=pp&ppn=pp&ssid=vulrkvcd680000001763206323097&qH=adc5bc5b72db9fa3
109,Smartwatch,"PunnkFunnk Edge-Lite | 1.99 "" Amoled Display | BT Calling | AI Voice | Music | Fitness Smartwatch  (Grey Strap, Regular Size)",3.7★,133,5,871,70% off,https://www.flipkart.com/punnkfunnk-edge-lite-1-99-amoled-display-bt-calling-ai-voice-music-fitness-smartwatch/p/itm6dca5de6cc59e?pid=SMWHBZPXXNDCMV2H&lid=LSTSMWHBZPXXNDCMV2HSXTQEJ&marketplace=FLIPKART&q=smartwatch&store=ajy%2Fbuh&srno=s_1_9&otracker=search&fm=organic&iid=7748a033-c578-4bc9-aaa8-1dcf194b4156.SMWHBZPXXNDCMV2H.SEARCH&ppt=pp&ppn=pp&ssid=vulrkvcd680000001763206323097&qH=adc5bc5b72db9fa3
110,Smartwatch,"Cellecor HYPE 1.50"" HD IPS Display with 500 NITS | BT-Calling | VoiceAssistant Smartwatch  (Black Strap, Free Size)",4.2★,3537,239,899,77% off,https://www.flipkart.com/cellecor-hype-1-50-hd-ips-display-500-nits-bt-calling-voiceassistant-smartwatch/p/itmce631687fd83f?pid=SMWH45NYXZCMCCTS&lid=LSTSMWH45NYXZCMCCTSAGUCM0&marketplace=FLIPKART&q=smartwatch&store=ajy%2Fbuh&srno=s_1_10&otracker=search&fm=organic&iid=7748a033-c578-4bc9-aaa8-1dcf194b4156.SMWH45NYXZCMCCTS.SEARCH&ppt=pp&ppn=pp&ssid=vulrkvcd680000001763206323097&qH=adc5bc5b72db9fa3
111,Smartwatch,"Fire-Boltt Hurricane 33.02mm (1.3) Curved Glass Display with BT Calling, 100+ Sports Modes Smartwatch  (Grey Strap, Free Size)",4.1★,318081,34577,1299,85% off,https://www.flipkart.com/fire-boltt-hurricane-33-02mm-1-3-curved-glass-display-bt-calling-100-sports-modes-smartwatch/p/itm3c859e9844078?pid=SMWGD53JK34GFBT6&lid=LSTSMWGD53JK34GFBT6NC7KH9&marketplace=FLIPKART&q=smartwatch&store=ajy%2Fbuh&srno=s_1_11&otracker=search&fm=organic&iid=en_qrH836Sz479SXiuB-GeOqJkRsqavnhQm7wfK6yVCiUOy_6GbhtdU4Pli1f4U1XaMtSleyhNnW5XJk4KvsxuoGkKsf8s6I2Oz2HOgbXTo_9U%3D&ppt=pp&ppn=pp&ssid=vulrkvcd680000001763206323097&qH=adc5bc5b72db9fa3
112,Smartwatch,"boAt Storm Call 3 Plus w/ Turn by Turn Navigation, QR Tray, 49.7cm(1.96"") HD Display Smartwatch  (Dark Blue Strap, Free Size)",4★,57899,3126,1149,84% off,https://www.flipkart.com/boat-storm-call-3-plus-w-turn-navigation-qr-tray-49-7cm-1-96-hd-display-smartwatch/p/itm5101a178ef4c7?pid=SMWH3Z2TPGDXTNMQ&lid=LSTSMWH3Z2TPGDXTNMQCGIQT8&marketplace=FLIPKART&q=smartwatch&store=ajy%2Fbuh&srno=s_1_12&otracker=search&fm=organic&iid=en_qrH836Sz479SXiuB-GeOqJkRsqavnhQm7wfK6yVCiUPjEvrkUbSbsgqx_EV_fF1wHCJZ_L3mTjT1Aw0P3m-hJA1kFuKnWaINrJqv3pKVKuU%3D&ppt=pp&ppn=pp&ssid=vulrkvcd680000001763206323097&qH=adc5bc5b72db9fa3
113,Smartwatch,"Fire-Boltt Clickk 54.1mm (2.12 inch) AMOLED Display, Front Camera, Nano SIM Slot, 1000mAh Smartwatch  (Dark Knight Black Strap, Free Size)",3.6★,7072,926,2799,88% off,https://www.flipkart.com/fire-boltt-clickk-54-1mm-2-12-inch-amoled-display-front-camera-nano-sim-slot-1000mah-smartwatch/p/itmb7efd806f6301?pid=SMWH4HPVMMYNR9KK&lid=LSTSMWH4HPVMMYNR9KKIMNKYX&marketplace=FLIPKART&q=smartwatch&store=ajy%2Fbuh&srno=s_1_13&otracker=search&fm=organic&iid=7748a033-c578-4bc9-aaa8-1dcf194b4156.SMWH4HPVMMYNR9KK.SEARCH&ppt=pp&ppn=pp&ssid=vulrkvcd680000001763206323097&qH=adc5bc5b72db9fa3
114,Smartwatch,"Fire-Boltt Hunter 51.1mm (2.01) HD Display Buetooth Calling with Single Chipset, Metal Body Smartwatch  (Green Strap, Free Size)",4.1★,433179,49094,999,93% off,https://www.flipkart.com/fire-boltt-hunter-51-1mm-2-01-hd-display-buetooth-calling-single-chipset-metal-body-smartwatch/p/itm038b7c1d79542?pid=SMWH8WH2HBHTPYGP&lid=LSTSMWH8WH2HBHTPYGPV3ZRYA&marketplace=FLIPKART&q=smartwatch&store=ajy%2Fbuh&srno=s_1_14&otracker=search&fm=organic&iid=7748a033-c578-4bc9-aaa8-1dcf194b4156.SMWH8WH2HBHTPYGP.SEARCH&ppt=pp&ppn=pp&ssid=vulrkvcd680000001763206323097&qH=adc5bc5b72db9fa3
115,Smartwatch,"Cellecor STEW 1.83"" BT Calling, 500 NITS, AI Voice Assistant,SPo2,HR, Split Screen Smartwatch  (Black Strap, Free Size)",4.2★,9560,588,799,80% off,https://www.flipkart.com/cellecor-stew-1-83-bt-calling-500-nits-ai-voice-assistant-spo2-hr-split-screen-smartwatch/p/itm0122916d81aca?pid=SMWGVVSEHKY9GQUQ&lid=LSTSMWGVVSEHKY9GQUQVWW9IU&marketplace=FLIPKART&q=smartwatch&store=ajy%2Fbuh&srno=s_1_15&otracker=search&fm=organic&iid=7748a033-c578-4bc9-aaa8-1dcf194b4156.SMWGVVSEHKY9GQUQ.SEARCH&ppt=pp&ppn=pp&ssid=vulrkvcd680000001763206323097&qH=adc5bc5b72db9fa3
116,Smartwatch,"Noise Icon Buz 1.69"" Display with Bluetooth Calling, Built-In Games, Voice Assistant Smartwatch  (Blue Strap, Regular)",4.1★,608635,38517,999,80% off,https://www.flipkart.com/noise-icon-buz-1-69-display-bluetooth-calling-built-in-games-voice-assistant-smartwatch/p/itm0b0922f8a67cc?pid=SMWGGKT5FYQHNRJP&lid=LSTSMWGGKT5FYQHNRJPUTS6NZ&marketplace=FLIPKART&q=smartwatch&store=ajy%2Fbuh&srno=s_1_16&otracker=search&fm=organic&iid=7748a033-c578-4bc9-aaa8-1dcf194b4156.SMWGGKT5FYQHNRJP.SEARCH&ppt=pp&ppn=pp&ssid=vulrkvcd680000001763206323097&qH=adc5bc5b72db9fa3
117,Smartwatch,"GOBOULT Crown 1.95"" Screen, BT Calling, Working Crown, Zinc Alloy Frame, 900 Nits, SpO2 Smartwatch  (Black Strap, Free Size)",4.1★,116774,8407,1099,75% off,https://www.flipkart.com/goboult-crown-1-95-screen-bt-calling-working-crown-zinc-alloy-frame-900-nits-spo2-smartwatch/p/itmbad120242f8e6?pid=SMWGPHT4EHHJEZZM&lid=LSTSMWGPHT4EHHJEZZMZFCOPY&marketplace=FLIPKART&q=smartwatch&store=ajy%2Fbuh&srno=s_1_17&otracker=search&fm=organic&iid=en_qrH836Sz479SXiuB-GeOqJkRsqavnhQm7wfK6yVCiUMFIF3fJ8-cPxph-Gx50ed86B2oo1VhGgpRbD3SUvjHevKSJvID5C-RdFfAlzwDiqI%3D&ppt=pp&ppn=pp&ssid=vulrkvcd680000001763206323097&qH=adc5bc5b72db9fa3
118,Smartwatch,"Fire-Boltt Nnja Talk 35.3mm (1.39) Round Bluetooth Calling Metal Body,120 Sports Modes Smartwatch  (Pink Strap, 1.39"")",4★,77405,7068,1199,90% off,https://www.flipkart.com/fire-boltt-nnja-talk-35-3mm-1-39-round-bluetooth-calling-metal-body-120-sports-modes-smartwatch/p/itmebbdc1888004d?pid=SMWGNYZKC5YEH4FZ&lid=LSTSMWGNYZKC5YEH4FZDJX5ST&marketplace=FLIPKART&q=smartwatch&store=ajy%2Fbuh&srno=s_1_18&otracker=search&fm=organic&iid=en_qrH836Sz479SXiuB-GeOqJkRsqavnhQm7wfK6yVCiUMGUo_d5kor67dNvD5syqsEu9SM5JfcXX9YybRilH55LPcUmN_6PwCReg_VTM4VLxo%3D&ppt=pp&ppn=pp&ssid=vulrkvcd680000001763206323097&qH=adc5bc5b72db9fa3
119,Smartwatch,"Cellecor RUSH 1.91"" HD Display | 600 NITS | BT-Calling | AI Voice | IP67 WaterResistant Smartwatch  (GOLD/PURPLE-BROWN Strap, Free Size)",4.1★,1109,92,799,80% off,https://www.flipkart.com/cellecor-rush-1-91-hd-display-600-nits-bt-calling-ai-voice-ip67-waterresistant-smartwatch/p/itm7424d0c0713ef?pid=SMWHYBQQF2NNG4MT&lid=LSTSMWHYBQQF2NNG4MT9RCMCE&marketplace=FLIPKART&q=smartwatch&store=ajy%2Fbuh&srno=s_1_19&otracker=search&fm=organic&iid=7748a033-c578-4bc9-aaa8-1dcf194b4156.SMWHYBQQF2NNG4MT.SEARCH&ppt=pp&ppn=pp&ssid=vulrkvcd680000001763206323097&qH=adc5bc5b72db9fa3
120,Smartwatch,"Fastrack Revolt FS1+ 2.01inch Biggest UltraVU Display|Industry Best 950 Nits|BT Calling Smartwatch  (Green Strap, Free Size)",4.3★,42830,2257,1599,73% off,https://www.flipkart.com/fastrack-revolt-fs1-2-01inch-biggest-ultravu-display-industry-best-950-nits-bt-calling-smartwatch/p/itmf558b9cf91ea3?pid=SMWGPM2DH4GDVVB9&lid=LSTSMWGPM2DH4GDVVB9Y9H2WM&marketplace=FLIPKART&q=smartwatch&store=ajy%2Fbuh&srno=s_1_20&otracker=search&fm=organic&iid=7748a033-c578-4bc9-aaa8-1dcf194b4156.SMWGPM2DH4GDVVB9.SEARCH&ppt=pp&ppn=pp&ssid=vulrkvcd680000001763206323097&qH=adc5bc5b72db9fa3
121,Smartwatch,"Fire-Boltt Rise Luxe Stainless Steel Luxury, 47mm (1.85) Display, Games, 120+ Sports Smartwatch  (Silver C Strap, Free Size)",4★,177672,15535,1399,90% off,https://www.flipkart.com/fire-boltt-rise-luxe-stainless-steel-luxury-47mm-1-85-display-games-120-sports-smartwatch/p/itm66dd00e4b6ed0?pid=SMWGT3H8BSZ3PDKG&lid=LSTSMWGT3H8BSZ3PDKGNBH8VT&marketplace=FLIPKART&q=smartwatch&store=ajy%2Fbuh&srno=s_1_21&otracker=search&fm=organic&iid=en_qrH836Sz479SXiuB-GeOqJkRsqavnhQm7wfK6yVCiUOMJQXkyPMXoFYFWaOadzQyR5-Q86QPkcw8Z0Nb2yB67sDbPjpExlWhmpgUQnOg2ao%3D&ppt=pp&ppn=pp&ssid=vulrkvcd680000001763206323097&qH=adc5bc5b72db9fa3
122,Smartwatch,"Fire-Boltt Rise Luxe Bluetooth Calling 47mm (1.85), Metal Body & Rotating Crown, 123 Sports Smartwatch  (Rose Gold Millanese Strap, Free Size)",4★,177672,15535,1399,89% off,https://www.flipkart.com/fire-boltt-rise-luxe-bluetooth-calling-47mm-1-85-metal-body-rotating-crown-123-sports-smartwatch/p/itmd6f2d92603c9b?pid=SMWH9TRZWXDZDZFP&lid=LSTSMWH9TRZWXDZDZFPFA59JM&marketplace=FLIPKART&q=smartwatch&store=ajy%2Fbuh&srno=s_1_22&otracker=search&fm=organic&iid=en_qrH836Sz479SXiuB-GeOqJkRsqavnhQm7wfK6yVCiUPauI0NWnH3QgH9Y_lov61AJnNtlad7Iih549CuRRnfgWJMZAJirnjvZRqZ0WhE16A%3D&ppt=pp&ppn=pp&ssid=vulrkvcd680000001763206323097&qH=adc5bc5b72db9fa3
123,Smartwatch,"Fire-Boltt Ninja Talk 35.3mm (1.39) Round Bluetooth Calling Metal Body,120 Sports Modes Smartwatch  (Burgandy Strap, Free Size)",4★,77405,7068,999,91% off,https://www.flipkart.com/fire-boltt-ninja-talk-35-3mm-1-39-round-bluetooth-calling-metal-body-120-sports-modes-smartwatch/p/itm1fb9511ebf9d1?pid=SMWH9RZMDNQRE3JP&lid=LSTSMWH9RZMDNQRE3JPHZVSNG&marketplace=FLIPKART&q=smartwatch&store=ajy%2Fbuh&srno=s_1_23&otracker=search&fm=organic&iid=7748a033-c578-4bc9-aaa8-1dcf194b4156.SMWH9RZMDNQRE3JP.SEARCH&ppt=pp&ppn=pp&ssid=vulrkvcd680000001763206323097&qH=adc5bc5b72db9fa3
124,Smartwatch,"Cellecor HD Display | 600 NITS | BT-Calling | AI Voice | IP67 WaterResistant Smartwatch  (GOLD/GREEN Strap, Free Size)",4.1★,1109,92,799,80% off,https://www.flipkart.com/cellecor-hd-display-600-nits-bt-calling-ai-voice-ip67-waterresistant-smartwatch/p/itm4a4827c2abbdb?pid=SMWHYBUNHY7CUGZT&lid=LSTSMWHYBUNHY7CUGZTZ9BAUO&marketplace=FLIPKART&q=smartwatch&store=ajy%2Fbuh&srno=s_1_24&otracker=search&fm=organic&iid=7748a033-c578-4bc9-aaa8-1dcf194b4156.SMWHYBUNHY7CUGZT.SEARCH&ppt=pp&ppn=pp&ssid=vulrkvcd680000001763206323097&qH=adc5bc5b72db9fa3
125,Smartwatch,"Cellecor M5 PLUS 2.01"" IPS HD Display | 700 NITS | BT-Calling | AOD | IP67 | BT v5.4| Smartwatch  (Gold Burgundy Strap, Free Size)",4.2★,1614,78,899,77% off,https://www.flipkart.com/cellecor-m5-plus-2-01-ips-hd-display-700-nits-bt-calling-aod-ip67-bt-v5-4-smartwatch/p/itme1d42b98b77eb?pid=SMWHASD7HECVDZ32&lid=LSTSMWHASD7HECVDZ32KTDDUW&marketplace=FLIPKART&q=smartwatch&store=ajy%2Fbuh&srno=s_1_25&otracker=search&fm=organic&iid=7748a033-c578-4bc9-aaa8-1dcf194b4156.SMWHASD7HECVDZ32.SEARCH&ppt=pp&ppn=pp&ssid=vulrkvcd680000001763206323097&qH=adc5bc5b72db9fa3
126,Camera,"IZI One+ Action Camera ONE+ 5K Action Camera, 48MP, 6-Axis Gyro, Waterproof, WiFi, Dual Touch Screen Sports and Action Camera  (Black, 48 MP)",3.7★,74,6,9899,41% off,https://www.flipkart.com/izi-one-action-camera-5k-camera-48mp-6-axis-gyro-waterproof-wifi-dual-touch-screen-sports/p/itmfd1867a08b654?pid=SAYHBDH9EK8GHZ4N&lid=LSTSAYHBDH9EK8GHZ4NOFTLDY&marketplace=FLIPKART&q=camera&store=jek&srno=s_1_1&otracker=search&fm=organic&iid=en_JCOnL84cscJCEMkcJ03RwpiApbe4aRF0lJ7anU4msi11S6lh-o2slS5a45YfcC1MMu8JEu629q7amXi_gU3oeg%3D%3D&ppt=pp&ppn=pp&ssid=djl3pjqkao0000001763206512311&qH=dd6d2dcc679d12b9
127,Camera,avidar Small Digital Camera for Kids Multi Mode Filter Kids SLR-Style Digital Camera Point & Shoot Camera  (Pink),3.4★,20,2,498,68% off,https://www.flipkart.com/avidar-small-digital-camera-kids-multi-mode-filter-slr-style-point-shoot/p/itmfa93443865982?pid=CAMHGFAWVYG5Z3CN&lid=LSTCAMHGFAWVYG5Z3CN5SB0HF&marketplace=FLIPKART&q=camera&store=jek&srno=s_1_2&otracker=search&fm=organic&iid=edc7fe9f-161b-4066-bdc3-d102cd123c47.CAMHGFAWVYG5Z3CN.SEARCH&ppt=pp&ppn=pp&ssid=djl3pjqkao0000001763206512311&qH=dd6d2dcc679d12b9
128,Camera,"Bzrqx Mini Wireless WiFi Camera 1080P HD Video and Audio Camera, Nanny Camera Sports and Action Camera  (Black, 12 MP)",3.4★,13,0,658,78% off,https://www.flipkart.com/bzrqx-mini-wireless-wifi-camera-1080p-hd-video-audio-camera-nanny-sports-action/p/itm5a8751d2f3edb?pid=SAYGC2HF77WB7HQY&lid=LSTSAYGC2HF77WB7HQYYVP3X1&marketplace=FLIPKART&q=camera&store=jek&srno=s_1_3&otracker=search&fm=organic&iid=edc7fe9f-161b-4066-bdc3-d102cd123c47.SAYGC2HF77WB7HQY.SEARCH&ppt=pp&ppn=pp&ssid=djl3pjqkao0000001763206512311&qH=dd6d2dcc679d12b9
129,Camera,"istylei Gift toys Kids Camera For Kids HD Real Pic Gift Sports & Action camera Sports and Action Camera  (Blue, 8 MP)",3.6★,235,8,595,40% off,https://www.flipkart.com/istylei-gift-toys-kids-camera-hd-real-pic-sports-action/p/itm9fc73d8714229?pid=SAYHAYVPBMD9QHYZ&lid=LSTSAYHAYVPBMD9QHYZIJRNGF&marketplace=FLIPKART&q=camera&store=jek&srno=s_1_4&otracker=search&fm=organic&iid=edc7fe9f-161b-4066-bdc3-d102cd123c47.SAYHAYVPBMD9QHYZ.SEARCH&ppt=pp&ppn=pp&ssid=djl3pjqkao0000001763206512311&qH=dd6d2dcc679d12b9
130,Camera,"GOPRC Sports Action camera 4K Action Camera for Biking, Hiking & Underwater with 30M Waterproof Case Sports and Action Camera  (Black, 20 MP)",3★,11,0,1599,82% off,https://www.flipkart.com/goprc-sports-action-camera-4k-biking-hiking-underwater-30m-waterproof-case/p/itm1421a7ed2d991?pid=SAYHD53SH5YR8KZB&lid=LSTSAYHD53SH5YR8KZBRAUEZ2&marketplace=FLIPKART&q=camera&store=jek&srno=s_1_5&otracker=search&fm=organic&iid=edc7fe9f-161b-4066-bdc3-d102cd123c47.SAYHD53SH5YR8KZB.SEARCH&ppt=pp&ppn=pp&ssid=djl3pjqkao0000001763206512311&qH=dd6d2dcc679d12b9
131,Camera,RBR Quadcopter Drone-Headless-ModeL-Altitude-Hold--Hight-HoldFoldable-RC-Quadcopter Drone,3★,319,7,1896,52% off,https://www.flipkart.com/rbr-quadcopter-drone-headless-model-altitude-hold-hight-holdfoldable-rc-quadcopter-drone/p/itmfcbd19fe8c1cf?pid=DNEHE48ZGXFTHPWW&lid=LSTDNEHE48ZGXFTHPWWPAJMBD&marketplace=FLIPKART&q=camera&store=jek&spotlightTagId=default_BestsellerId_jek&srno=s_1_6&otracker=search&fm=organic&iid=edc7fe9f-161b-4066-bdc3-d102cd123c47.DNEHE48ZGXFTHPWW.SEARCH&ppt=sp&ppn=sp&ssid=djl3pjqkao0000001763206512311&qH=dd6d2dcc679d12b9
132,Camera,"AVOIHS Gift toys High Pixel HD Recording Selfie Timer Photography Gift Kids Girls Boys Toy Camera Sports and Action Camera  (Multicolor, 8 MP)",3.5★,38,3,785,60% off,https://www.flipkart.com/avoihs-gift-toys-high-pixel-hd-recording-selfie-timer-photography-kids-girls-boys-toy-camera-sports-action/p/itm018e8fb934c87?pid=SAYGSSJHEVTQTVXD&lid=LSTSAYGSSJHEVTQTVXDUM5UP7&marketplace=FLIPKART&q=camera&store=jek&srno=s_1_7&otracker=search&fm=organic&iid=edc7fe9f-161b-4066-bdc3-d102cd123c47.SAYGSSJHEVTQTVXD.SEARCH&ppt=pp&ppn=pp&ssid=djl3pjqkao0000001763206512311&qH=dd6d2dcc679d12b9
133,Camera,"BESTON GoPro Action camera Action Camera 4k 20MP Wifi 30M Waterproof Action Camera Sports DV Camcorder Sports and Action Camera  (Black, 20 MP)",3.3★,3,0,1828,79% off,https://www.flipkart.com/beston-gopro-action-camera-4k-20mp-wifi-30m-waterproof-sports-dv-camcorder/p/itm34acdb55185be?pid=SAYHFUHHWAHGKVHE&lid=LSTSAYHFUHHWAHGKVHEPBOFCX&marketplace=FLIPKART&q=camera&store=jek&srno=s_1_8&otracker=search&fm=organic&iid=edc7fe9f-161b-4066-bdc3-d102cd123c47.SAYHFUHHWAHGKVHE.SEARCH&ppt=pp&ppn=pp&ssid=djl3pjqkao0000001763206512311&qH=dd6d2dcc679d12b9
134,Camera,"Uphaar by OMG 2022 Kid's Digital Camera & Mini Video Camcorder Sports and Action Camera  (Blue, 20 MP)",3.4★,247,8,563,71% off,https://www.flipkart.com/uphaar-omg-2022-kid-s-digital-camera-mini-video-camcorder-sports-action/p/itm0a0530b969eba?pid=SAYH7ZCC3HQ3HFUH&lid=LSTSAYH7ZCC3HQ3HFUHPGEGVO&marketplace=FLIPKART&q=camera&store=jek&srno=s_1_9&otracker=search&fm=organic&iid=edc7fe9f-161b-4066-bdc3-d102cd123c47.SAYH7ZCC3HQ3HFUH.SEARCH&ppt=pp&ppn=pp&ssid=djl3pjqkao0000001763206512311&qH=dd6d2dcc679d12b9
135,Camera,AR jewell SPY CAMERAA 3D Camera  (10 Water Resistant),4★,8,0,707,64% off,https://www.flipkart.com/ar-jewell-spy-cameraa-3d-camera/p/itm9cc3853c4895f?pid=TDCHEZMTGDH9BGTM&lid=LSTTDCHEZMTGDH9BGTMW9BZMM&marketplace=FLIPKART&q=camera&store=jek&srno=s_1_10&otracker=search&fm=organic&iid=edc7fe9f-161b-4066-bdc3-d102cd123c47.TDCHEZMTGDH9BGTM.SEARCH&ppt=pp&ppn=pp&ssid=djl3pjqkao0000001763206512311&qH=dd6d2dcc679d12b9
136,Camera,"Bzrqx Mini Security HD 1080P Hidden Camera Pen Portable Multifunctional Writing Pen Mini Camera Sports and Action Camera  (Black, 12 MP)",3.3★,0,0,1564,55% off,https://www.flipkart.com/bzrqx-mini-security-hd-1080p-hidden-camera-pen-portable-multifunctional-writing-sports-action/p/itm6bb55f7406e0d?pid=SAYGFJYBYR83YBHP&lid=LSTSAYGFJYBYR83YBHPUF8MH0&marketplace=FLIPKART&q=camera&store=jek&srno=s_1_11&otracker=search&fm=organic&iid=edc7fe9f-161b-4066-bdc3-d102cd123c47.SAYGFJYBYR83YBHP.SEARCH&ppt=pp&ppn=pp&ssid=djl3pjqkao0000001763206512311&qH=dd6d2dcc679d12b9
137,Camera,"DSLRCAM GoPro Action camera GoproAction Camera 4k20MP Wifi 30M Waterproof Action Camera Sports DV Camcorder Sports and Action Camera  (Black, 20 MP)",3★,4,0,1689,81% off,https://www.flipkart.com/dslrcam-gopro-action-camera-goproaction-4k20mp-wifi-30m-waterproof-sports-dv-camcorder/p/itm649622fc15725?pid=SAYHFYYMEXWUMXMV&lid=LSTSAYHFYYMEXWUMXMVPMQBKW&marketplace=FLIPKART&q=camera&store=jek&srno=s_1_12&otracker=search&fm=organic&iid=edc7fe9f-161b-4066-bdc3-d102cd123c47.SAYHFYYMEXWUMXMV.SEARCH&ppt=pp&ppn=pp&ssid=djl3pjqkao0000001763206512311&qH=dd6d2dcc679d12b9
138,Camera,bvb Mini Full HD 1080P Wireless Hidden CCTV WiFi IP Camera /Video Audio Night Vision 3D Camera  (5 Water Resistant),3.1★,0,0,1099,45% off,https://www.flipkart.com/bvb-mini-full-hd-1080p-wireless-hidden-cctv-wifi-ip-camera-video-audio-night-vision-3d/p/itm67b6526166078?pid=TDCHG8VMKKPSUBMU&lid=LSTTDCHG8VMKKPSUBMUA8MURX&marketplace=FLIPKART&q=camera&store=jek&srno=s_1_13&otracker=search&fm=organic&iid=edc7fe9f-161b-4066-bdc3-d102cd123c47.TDCHG8VMKKPSUBMU.SEARCH&ppt=pp&ppn=pp&ssid=djl3pjqkao0000001763206512311&qH=dd6d2dcc679d12b9
139,Camera,"blix Professional 4k Waterproof GoPro Camera Full HD Sports and Action Camera 4k Sports and Action Camera  (Black, 16 MP)",3.6★,0,0,2220,75% off,https://www.flipkart.com/blix-professional-4k-waterproof-gopro-camera-full-hd-sports-action/p/itm6c71718bd5ec9?pid=SAYHEU2CCRDCVPYV&lid=LSTSAYHEU2CCRDCVPYVUJAFQX&marketplace=FLIPKART&q=camera&store=jek&srno=s_1_14&otracker=search&fm=organic&iid=edc7fe9f-161b-4066-bdc3-d102cd123c47.SAYHEU2CCRDCVPYV.SEARCH&ppt=pp&ppn=pp&ssid=djl3pjqkao0000001763206512311&qH=dd6d2dcc679d12b9
140,Camera,"Patreon 4K M5 4k20MP Wifi 30M Waterproof DV Camcorder Sports and Action Camera  (Black, 16 MP)",3.7★,49,3,1355,89% off,https://www.flipkart.com/patreon-4k-m5-4k20mp-wifi-30m-waterproof-dv-camcorder-sports-action-camera/p/itm48775af2ccf5e?pid=SAYH63Y3MVTA3YST&lid=LSTSAYH63Y3MVTA3YSTDQ52MB&marketplace=FLIPKART&q=camera&store=jek&srno=s_1_15&otracker=search&fm=organic&iid=edc7fe9f-161b-4066-bdc3-d102cd123c47.SAYH63Y3MVTA3YST.SEARCH&ppt=pp&ppn=pp&ssid=djl3pjqkao0000001763206512311&qH=dd6d2dcc679d12b9
141,Camera,"Elevea New 1080p Vlogging Action Camera Sports and Action Camera  (Black, 16 MP)",3★,2,1,1388,76% off,https://www.flipkart.com/elevea-new-1080p-vlogging-action-camera-sports/p/itmf3ffb20e9d9ac?pid=SAYGHGGTQTCRRAES&lid=LSTSAYGHGGTQTCRRAESLDVYXL&marketplace=FLIPKART&q=camera&store=jek&srno=s_1_16&otracker=search&fm=organic&iid=edc7fe9f-161b-4066-bdc3-d102cd123c47.SAYGHGGTQTCRRAES.SEARCH&ppt=pp&ppn=pp&ssid=djl3pjqkao0000001763206512311&qH=dd6d2dcc679d12b9
142,Camera,"PIXEL 4K M3 Action Camera 4k20MP Wifi 30M Waterproof Action Camera Sports DV Camcorder Sports and Action Camera  (Black, 16 MP)",3.4★,49,7,1338,85% off,https://www.flipkart.com/pixel-4k-m3-action-camera-4k20mp-wifi-30m-waterproof-sports-dv-camcorder/p/itm443ab25417b8b?pid=SAYHDYRMXCYPTVBS&lid=LSTSAYHDYRMXCYPTVBSINT9SB&marketplace=FLIPKART&q=camera&store=jek&srno=s_1_17&otracker=search&fm=organic&iid=edc7fe9f-161b-4066-bdc3-d102cd123c47.SAYHDYRMXCYPTVBS.SEARCH&ppt=pp&ppn=pp&ssid=djl3pjqkao0000001763206512311&qH=dd6d2dcc679d12b9
143,Camera,"Prime Assure Mini Camera Photo Instant Photo Print Camera for Kids Children Polar Instant Camera  (Blue, Pink)",3.8★,25,1,1745,41% off,https://www.flipkart.com/prime-assure-mini-camera-photo-instant-print-kids-children-polar/p/itmf1d8a40ce41a7?pid=INAHCRHRGXB9ERJC&lid=LSTINAHCRHRGXB9ERJC65NLAZ&marketplace=FLIPKART&q=camera&store=jek&srno=s_1_18&otracker=search&fm=organic&iid=edc7fe9f-161b-4066-bdc3-d102cd123c47.INAHCRHRGXB9ERJC.SEARCH&ppt=pp&ppn=pp&ssid=djl3pjqkao0000001763206512311&qH=dd6d2dcc679d12b9
144,Camera,"ISSU 10 SPYDER  (5 MP, Black)",3.4★,0,0,550,67% off,https://www.flipkart.com/issu-10-spyder/p/itm0bce5b54164c1?pid=POIHFXYZXYJXB8GW&lid=LSTPOIHFXYZXYJXB8GWOGSY23&marketplace=FLIPKART&q=camera&store=jek&srno=s_1_19&otracker=search&fm=organic&iid=edc7fe9f-161b-4066-bdc3-d102cd123c47.POIHFXYZXYJXB8GW.SEARCH&ppt=pp&ppn=pp&ssid=djl3pjqkao0000001763206512311&qH=dd6d2dcc679d12b9
145,Camera,"Bzrqx Mini Security Spy pen Camera, HD 1080P Hidden Portable Multifunctional Writing Security Camera Sports and Action Camera  (Black, 12 MP)",2.3★,3,0,1557,55% off,https://www.flipkart.com/bzrqx-mini-security-spy-pen-camera-hd-1080p-hidden-portable-multifunctional-writing-camera-sports-action/p/itmd00daf4a32ccb?pid=SAYGFJ2YXPBGXBAC&lid=LSTSAYGFJ2YXPBGXBAC9E9ACB&marketplace=FLIPKART&q=camera&store=jek&srno=s_1_20&otracker=search&fm=organic&iid=edc7fe9f-161b-4066-bdc3-d102cd123c47.SAYGFJ2YXPBGXBAC.SEARCH&ppt=pp&ppn=pp&ssid=djl3pjqkao0000001763206512311&qH=dd6d2dcc679d12b9
146,Camera,"Bzrqx Mini Security SPY HD 1080P Hidden Camera Pen Portable Multifunctional Writing Pen Mini Camera Sports and Action Camera  (Black, 12 MP)",3.6★,16,0,1566,55% off,https://www.flipkart.com/bzrqx-mini-security-spy-hd-1080p-hidden-camera-pen-portable-multifunctional-writing-sports-action/p/itm6bb55f7406e0d?pid=SAYGFJYCJW9YZQAY&lid=LSTSAYGFJYCJW9YZQAYX5ZAWJ&marketplace=FLIPKART&q=camera&store=jek&srno=s_1_21&otracker=search&fm=organic&iid=edc7fe9f-161b-4066-bdc3-d102cd123c47.SAYGFJYCJW9YZQAY.SEARCH&ppt=pp&ppn=pp&ssid=djl3pjqkao0000001763206512311&qH=dd6d2dcc679d12b9
147,Camera,"Bzrqx Mini Security HD Pen Camera Hidden Portable Spy Camera HD Video and Audio Recording Pen Sports and Action Camera  (Black, 12 MP)",3.3★,0,0,1557,55% off,https://www.flipkart.com/bzrqx-mini-security-hd-pen-camera-hidden-portable-spy-video-audio-recording-sports-action/p/itm6bb55f7406e0d?pid=SAYGFJFYTJQ2R7ED&lid=LSTSAYGFJFYTJQ2R7EDNO6RQT&marketplace=FLIPKART&q=camera&store=jek&srno=s_1_22&otracker=search&fm=organic&iid=edc7fe9f-161b-4066-bdc3-d102cd123c47.SAYGFJFYTJQ2R7ED.SEARCH&ppt=pp&ppn=pp&ssid=djl3pjqkao0000001763206512311&qH=dd6d2dcc679d12b9
148,Camera,"SONTEK Sports Action camera Waterproof Outdoor 2K Action Camera with SD Card and Handlebar Mounts Sports and Action Camera  (Black, 12 MP)",4★,0,0,1349,77% off,https://www.flipkart.com/sontek-sports-action-camera-waterproof-outdoor-2k-sd-card-handlebar-mounts/p/itmf47b5e2b05e57?pid=SAYHE63AHTGYUGH7&lid=LSTSAYHE63AHTGYUGH7O6KHOT&marketplace=FLIPKART&q=camera&store=jek&srno=s_1_23&otracker=search&fm=organic&iid=edc7fe9f-161b-4066-bdc3-d102cd123c47.SAYHE63AHTGYUGH7.SEARCH&ppt=pp&ppn=pp&ssid=djl3pjqkao0000001763206512311&qH=dd6d2dcc679d12b9
149,Camera,FUJIFILM Instax Mini 11 Instant Camera  (Purple),4.2★,1380,81,5999,25% off,https://www.flipkart.com/fujifilm-instax-mini-11-instant-camera/p/itmf29fa6fa426d7?pid=INAFSRZAS7HQSRMH&lid=LSTINAFSRZAS7HQSRMHLLOWQW&marketplace=FLIPKART&q=camera&store=jek&srno=s_1_24&otracker=search&fm=organic&iid=edc7fe9f-161b-4066-bdc3-d102cd123c47.INAFSRZAS7HQSRMH.SEARCH&ppt=pp&ppn=pp&ssid=djl3pjqkao0000001763206512311&qH=dd6d2dcc679d12b9
150,Camera,"Dox 4k H2 Sports Camera Action Camera 2k12MP Wifi 30M Waterproof Action Camera Sports DV Camcorder Sports and Action Camera  (Black, 16 MP)",3.1★,8,0,1326,85% off,https://www.flipkart.com/dox-4k-h2-sports-camera-action-2k12mp-wifi-30m-waterproof-dv-camcorder/p/itmd6edb998ec130?pid=SAYHDFQTBCGBHYV3&lid=LSTSAYHDFQTBCGBHYV3ODVXAI&marketplace=FLIPKART&q=camera&store=jek&srno=s_1_25&otracker=search&fm=organic&iid=edc7fe9f-161b-4066-bdc3-d102cd123c47.SAYHDFQTBCGBHYV3.SEARCH&ppt=pp&ppn=pp&ssid=djl3pjqkao0000001763206512311&qH=dd6d2dcc679d12b9
151,Television,realme TechLife 80 cm (32 inch) QLED HD Ready Smart Google TV 2025 Edition  (32HDGQRDDAQ),4.3★,13525,1100,9999,58% off,https://www.flipkart.com/realme-techlife-80-cm-32-inch-qled-hd-ready-smart-google-tv-2025/p/itm5703931060ce7?pid=TVSHC5F6VHRWC5DY&lid=LSTTVSHC5F6VHRWC5DYLBMAMS&marketplace=FLIPKART&q=television&store=ckf%2Fczl&spotlightTagId=default_FkPickId_ckf%2Fczl&srno=s_1_1&otracker=search&fm=organic&iid=2ef4f2bf-c36a-4a14-bf88-bf16e2ff32f5.TVSHC5F6VHRWC5DY.SEARCH&ppt=sp&ppn=sp&ssid=6b1rl6epn40000001763206694791&qH=79464212afb7fd6c
152,Television,Reliance Jumbo 60 cm (24 inch) HD Ready LED TV 2025 Edition with 24W Boom Speakers | Real Frameless | Noise Reduction | Monitor Support | Colour Enhancer  (RW24NS3972HD),3.8★,753,62,6479,50% off,https://www.flipkart.com/reliance-jumbo-60-cm-24-inch-hd-ready-led-tv-2025-24w-boom-speakers-real-frameless-noise-reduction-monitor-support-colour-enhancer/p/itm35008b74bd258?pid=TVSHFBUZWBH3J9UW&lid=LSTTVSHFBUZWBH3J9UWLPGS9R&marketplace=FLIPKART&q=television&store=ckf%2Fczl&srno=s_1_2&otracker=search&fm=organic&iid=2ef4f2bf-c36a-4a14-bf88-bf16e2ff32f5.TVSHFBUZWBH3J9UW.SEARCH&ppt=pp&ppn=pp&ssid=6b1rl6epn40000001763206694791&qH=79464212afb7fd6c
153,Television,Foxsky 60 cm (24 inch) HD Ready LED TV  (24FSN),4★,4868,608,4799,63% off,https://www.flipkart.com/foxsky-60-cm-24-inch-hd-ready-led-tv/p/itmd25700250501c?pid=TVSGEMUBFEF4DD6C&lid=LSTTVSGEMUBFEF4DD6C5DTHCH&marketplace=FLIPKART&q=television&store=ckf%2Fczl&srno=s_1_3&otracker=search&fm=organic&iid=2ef4f2bf-c36a-4a14-bf88-bf16e2ff32f5.TVSGEMUBFEF4DD6C.SEARCH&ppt=pp&ppn=pp&ssid=6b1rl6epn40000001763206694791&qH=79464212afb7fd6c
154,Television,Thomson Alpha QLED 60 cm (24 inch) QLED HD Ready Smart Linux TV 2025 Edition with 24W Sound Output | Web Browser | Sports Mode | Bezel Design  (24AlphaQ001),4★,6277,669,6299,47% off,https://www.flipkart.com/thomson-alpha-qled-60-cm-24-inch-hd-ready-smart-linux-tv-2025-24w-sound-output-web-browser-sports-mode-bezel-design/p/itmd0267aeea92dc?pid=TVSH9XBKFXZT48WX&lid=LSTTVSH9XBKFXZT48WXZZMIJX&marketplace=FLIPKART&q=television&store=ckf%2Fczl&srno=s_1_4&otracker=search&fm=organic&iid=2ef4f2bf-c36a-4a14-bf88-bf16e2ff32f5.TVSH9XBKFXZT48WX.SEARCH&ppt=pp&ppn=pp&ssid=6b1rl6epn40000001763206694791&qH=79464212afb7fd6c
155,Television,Foxsky 80 cm (32 inch) HD Ready LED Smart Android TV  (32 FSELS PRO),4.1★,13447,2598,6999,68% off,https://www.flipkart.com/foxsky-80-cm-32-inch-hd-ready-led-smart-android-tv/p/itm5bd8d5fb7d735?pid=TVSGEMUBCSV2NVYW&lid=LSTTVSGEMUBCSV2NVYWGQ66D6&marketplace=FLIPKART&q=television&store=ckf%2Fczl&srno=s_1_5&otracker=search&fm=organic&iid=2ef4f2bf-c36a-4a14-bf88-bf16e2ff32f5.TVSGEMUBCSV2NVYW.SEARCH&ppt=pp&ppn=pp&ssid=6b1rl6epn40000001763206694791&qH=79464212afb7fd6c
156,Television,Foxsky 60 cm (24 inch) HD Ready LED Smart Android TV 2025 Edition  (24 FSELS PRO),4.1★,13447,2598,5499,44% off,https://www.flipkart.com/foxsky-60-cm-24-inch-hd-ready-led-smart-android-tv-2025/p/itm52eaa7bfee654?pid=TVSH8GZGY8DAF3B6&lid=LSTTVSH8GZGY8DAF3B6PWFXH4&marketplace=FLIPKART&q=television&store=ckf%2Fczl&srno=s_1_6&otracker=search&fm=organic&iid=2ef4f2bf-c36a-4a14-bf88-bf16e2ff32f5.TVSH8GZGY8DAF3B6.SEARCH&ppt=pp&ppn=pp&ssid=6b1rl6epn40000001763206694791&qH=79464212afb7fd6c
157,Television,Samsung 80 cm (32 inch) HD Ready LED Smart Tizen TV 2025 Edition with Voice Assistance Remote Control | 100+ Free Channels | HDR 10+ Support | PurColor | Samsung Knox Security | Digital Tuner | Object Tracking Sound Lite | Adaptive Sound | Q-Symphony  (UA32H4500FUXXL),4.3★,122080,7323,13490,24% off,https://www.flipkart.com/samsung-80-cm-32-inch-hd-ready-led-smart-tizen-tv-2025-voice-assistance-remote-control-100-free-channels-hdr-10-support-purcolor-knox-security-digital-tuner-object-tracking-sound-lite-adaptive-q-symphony/p/itm46f9a52992ace?pid=TVSHBCHTKTHN5GSM&lid=LSTTVSHBCHTKTHN5GSMGAFQ6R&marketplace=FLIPKART&q=television&store=ckf%2Fczl&spotlightTagId=default_BestsellerId_ckf%2Fczl&srno=s_1_7&otracker=search&fm=organic&iid=2ef4f2bf-c36a-4a14-bf88-bf16e2ff32f5.TVSHBCHTKTHN5GSM.SEARCH&ppt=pp&ppn=pp&ssid=6b1rl6epn40000001763206694791&qH=79464212afb7fd6c
158,Television,Samsung Crystal 4K Vista 125 cm (50 inch) Ultra HD (4K) LED Smart Tizen TV 2025 Edition with 4K Upscaling | HDR 10+ | PurColor | Slim Look | Samsung Knox Security | 100+ Free Channels | Voice Ready with SmartThings App | Universal Gestures  (UA50UE81AFULXL),4.3★,22952,1498,35990,28% off,https://www.flipkart.com/samsung-crystal-4k-vista-125-cm-50-inch-ultra-hd-4k-led-smart-tizen-tv-2025-upscaling-hdr-10-purcolor-slim-look-knox-security-100-free-channels-voice-ready-smartthings-app-universal-gestures/p/itma015fd2768c54?pid=TVSHBCDQQTSYUYCH&lid=LSTTVSHBCDQQTSYUYCHDBQTMV&marketplace=FLIPKART&q=television&store=ckf%2Fczl&srno=s_1_8&otracker=search&fm=organic&iid=2ef4f2bf-c36a-4a14-bf88-bf16e2ff32f5.TVSHBCDQQTSYUYCH.SEARCH&ppt=pp&ppn=pp&ssid=6b1rl6epn40000001763206694791&qH=79464212afb7fd6c
159,Television,Thomson Alpha QLED 80 cm (32 inch) QLED HD Ready Smart Linux TV 2025 Edition with 36W Sound Output | Web Browser | Sports Mode | Bezel - Less Design  (32AlphaQ019),4★,6277,669,7999,46% off,https://www.flipkart.com/thomson-alpha-qled-80-cm-32-inch-hd-ready-smart-linux-tv-2025-36w-sound-output-web-browser-sports-mode-bezel-less-design/p/itm5746979986c75?pid=TVSH9XBKMDTERU8H&lid=LSTTVSH9XBKMDTERU8HEUISRM&marketplace=FLIPKART&q=television&store=ckf%2Fczl&srno=s_1_9&otracker=search&fm=organic&iid=2ef4f2bf-c36a-4a14-bf88-bf16e2ff32f5.TVSH9XBKMDTERU8H.SEARCH&ppt=pp&ppn=pp&ssid=6b1rl6epn40000001763206694791&qH=79464212afb7fd6c
160,Television,XIAOMI by Mi Fire Tv 80 cm (32 inch) HD Ready LED Smart Fire TV 2025 Edition with High-Definition Display | Dolby Surround Sound | Vivid Picture Engine  (L32MB-FIN),4.3★,106065,6891,11499,54% off,https://www.flipkart.com/xiaomi-mi-fire-tv-80-cm-32-inch-hd-ready-led-smart-2025-high-definition-display-dolby-surround-sound-vivid-picture-engine/p/itm5cd94c918fd2b?pid=TVSHAVSFZG7ZNMTF&lid=LSTTVSHAVSFZG7ZNMTFNCBJAO&marketplace=FLIPKART&q=television&store=ckf%2Fczl&srno=s_1_10&otracker=search&fm=organic&iid=2ef4f2bf-c36a-4a14-bf88-bf16e2ff32f5.TVSHAVSFZG7ZNMTF.SEARCH&ppt=pp&ppn=pp&ssid=6b1rl6epn40000001763206694791&qH=79464212afb7fd6c
161,Television,realme TechLife 164 cm (65 inch) QLED Ultra HD (4K) Smart Google TV 2025 Edition  (65UHDGQRDDVQ),4.3★,13525,1100,38999,54% off,https://www.flipkart.com/realme-techlife-164-cm-65-inch-qled-ultra-hd-4k-smart-google-tv-2025/p/itmcb313d6a1cfb9?pid=TVSHD8423KZQ3KGP&lid=LSTTVSHD8423KZQ3KGPWUMV5U&marketplace=FLIPKART&q=television&store=ckf%2Fczl&srno=s_1_11&otracker=search&fm=organic&iid=2ef4f2bf-c36a-4a14-bf88-bf16e2ff32f5.TVSHD8423KZQ3KGP.SEARCH&ppt=pp&ppn=pp&ssid=6b1rl6epn40000001763206694791&qH=79464212afb7fd6c
162,Television,realme TechLife 139 cm (55 inch) QLED Ultra HD (4K) Smart Google TV 2025 Edition  (55UHDGQRDDVQ),4.3★,13525,1100,28499,56% off,https://www.flipkart.com/realme-techlife-139-cm-55-inch-qled-ultra-hd-4k-smart-google-tv-2025/p/itmfa7830876d66e?pid=TVSHD842KYW2DR9S&lid=LSTTVSHD842KYW2DR9S6BWDAP&marketplace=FLIPKART&q=television&store=ckf%2Fczl&srno=s_1_12&otracker=search&fm=organic&iid=2ef4f2bf-c36a-4a14-bf88-bf16e2ff32f5.TVSHD842KYW2DR9S.SEARCH&ppt=pp&ppn=pp&ssid=6b1rl6epn40000001763206694791&qH=79464212afb7fd6c
163,Television,MOTOROLA 80 cm (32 inch) QLED HD Ready Smart Google TV 2025 Edition  (32HDGQMDDAQ),4.3★,10546,1038,10490,61% off,https://www.flipkart.com/motorola-80-cm-32-inch-qled-hd-ready-smart-google-tv-2025/p/itm247d6554b407b?pid=TVSHC5F6TMNNUVXM&lid=LSTTVSHC5F6TMNNUVXMGGSM1Z&marketplace=FLIPKART&q=television&store=ckf%2Fczl&srno=s_1_13&otracker=search&fm=organic&iid=2ef4f2bf-c36a-4a14-bf88-bf16e2ff32f5.TVSHC5F6TMNNUVXM.SEARCH&ppt=pp&ppn=pp&ssid=6b1rl6epn40000001763206694791&qH=79464212afb7fd6c
164,Television,LG AI TV UA8200 108 cm (43 inch) Ultra HD (4K) LED Smart WebOS TV 2025 Edition with Alpha7 AI Processor 4K Gen8 | 4K Super Upscaling | AI Picture Pro | 4K Expression Enhancer | NEW AI Magic Remote Compatible | AI Search with MS Copilot | AI Sound Pro (9.1.2 ch) | Dolby Atmos | Chromecast Built-in  (43UA82006LA),4.4★,33175,2273,29990,34% off,https://www.flipkart.com/lg-ai-tv-ua8200-108-cm-43-inch-ultra-hd-4k-led-smart-webos-2025-alpha7-processor-4k-gen8-super-upscaling-picture-pro-expression-enhancer-new-magic-remote-compatible-search-ms-copilot-sound-9-1-2-ch-dolby-atmos-chromecast-built-in/p/itma7ffdcf0a210a?pid=TVSHCAYXHGHZFTY5&lid=LSTTVSHCAYXHGHZFTY5VE4KAD&marketplace=FLIPKART&q=television&store=ckf%2Fczl&srno=s_1_14&otracker=search&fm=organic&iid=2ef4f2bf-c36a-4a14-bf88-bf16e2ff32f5.TVSHCAYXHGHZFTY5.SEARCH&ppt=pp&ppn=pp&ssid=6b1rl6epn40000001763206694791&qH=79464212afb7fd6c
165,Television,iFFALCON by TCL U65 108 cm (43 inch) Ultra HD (4K) LED Smart Google TV 2025 Edition with MEMC | Dolby Vision-Atmos | HVA Panel & Metallic Bezel-Less  (43U65),4.1★,10474,823,18499,63% off,https://www.flipkart.com/iffalcon-tcl-u65-108-cm-43-inch-ultra-hd-4k-led-smart-google-tv-2025-memc-dolby-vision-atmos-hva-panel-metallic-bezel-less/p/itm84b02de97242d?pid=TVSHAVHG4F98JA2Y&lid=LSTTVSHAVHG4F98JA2YL4IBEX&marketplace=FLIPKART&q=television&store=ckf%2Fczl&srno=s_1_15&otracker=search&fm=organic&iid=2ef4f2bf-c36a-4a14-bf88-bf16e2ff32f5.TVSHAVHG4F98JA2Y.SEARCH&ppt=pp&ppn=pp&ssid=6b1rl6epn40000001763206694791&qH=79464212afb7fd6c
166,Television,XIAOMI A Series 80 cm (32 inch) HD Ready LED Smart Google TV with 200+ Free Channels |Dolby Audio | DTS:HD|DTS Virtual: X| Vivid Picture Engine| Dual Band Wi-Fi| Bluetooth 5.0  (L32MA-AIN),4.3★,106065,6891,10999,56% off,https://www.flipkart.com/xiaomi-series-80-cm-32-inch-hd-ready-led-smart-google-tv-200-free-channels-dolby-audio-dts-hd-dts-virtual-x-vivid-picture-engine-dual-band-wi-fi-bluetooth-5-0/p/itm0869e77456f09?pid=TVSHY9QFREWDZHQP&lid=LSTTVSHY9QFREWDZHQPRTC9YH&marketplace=FLIPKART&q=television&store=ckf%2Fczl&srno=s_1_16&otracker=search&fm=organic&iid=2ef4f2bf-c36a-4a14-bf88-bf16e2ff32f5.TVSHY9QFREWDZHQP.SEARCH&ppt=pp&ppn=pp&ssid=6b1rl6epn40000001763206694791&qH=79464212afb7fd6c
167,Television,LG LR570 80 cm (32 inch) HD Ready LED Smart WebOS TV 2025 Edition with Alpha5 Gen 6 AI Processor | 100+ Free LG Channels | AI Brightness Control | AI Sound (Virtual Surround 5.1 Up-mix) | FTA Satellite Port | Magic Remote Compatible | 60Hz Refresh Rate | Alexa Built In | Works with Hey Google  (32LR570B6LA),4.4★,75871,5885,13490,36% off,https://www.flipkart.com/lg-lr570-80-cm-32-inch-hd-ready-led-smart-webos-tv-2025-alpha5-gen-6-ai-processor-100-free-channels-brightness-control-sound-virtual-surround-5-1-up-mix-fta-satellite-port-magic-remote-compatible-60hz-refresh-rate-alexa-built-works-hey-google/p/itm9c22d06d514d0?pid=TVSH9RMF8YPHSHA3&lid=LSTTVSH9RMF8YPHSHA3TJDN12&marketplace=FLIPKART&q=television&store=ckf%2Fczl&spotlightTagId=default_BestsellerId_ckf%2Fczl&srno=s_1_17&otracker=search&fm=organic&iid=2ef4f2bf-c36a-4a14-bf88-bf16e2ff32f5.TVSH9RMF8YPHSHA3.SEARCH&ppt=sp&ppn=sp&ssid=6b1rl6epn40000001763206694791&qH=79464212afb7fd6c
168,Television,"realme TechLife 109 cm (43 inch) Ultra HD (4K) LED Smart Google TV 2025 Edition with 5.0 with Dolby Audio, and 40 W downfiring speaker  (43UHDGDRVSAB)",4.4★,2290,196,19499,51% off,https://www.flipkart.com/realme-techlife-109-cm-43-inch-ultra-hd-4k-led-smart-google-tv-2025-5-0-dolby-audio-40-w-downfiring-speaker/p/itma004a808effd9?pid=TVSHAEW6FGZKQ2AP&lid=LSTTVSHAEW6FGZKQ2APLSV0NR&marketplace=FLIPKART&q=television&store=ckf%2Fczl&srno=s_1_18&otracker=search&fm=organic&iid=2ef4f2bf-c36a-4a14-bf88-bf16e2ff32f5.TVSHAEW6FGZKQ2AP.SEARCH&ppt=pp&ppn=pp&ssid=6b1rl6epn40000001763206694791&qH=79464212afb7fd6c
169,Television,MarQ by Flipkart 80 cm (32 inch) HD Ready LED TV  (32HDNDQEE1B),4.2★,9986,766,6899,59% off,https://www.flipkart.com/marq-flipkart-80-cm-32-inch-hd-ready-led-tv/p/itm9cf4b18ac50a6?pid=TVSGZGGPZ5JKMGYE&lid=LSTTVSGZGGPZ5JKMGYEXKW0X0&marketplace=FLIPKART&q=television&store=ckf%2Fczl&srno=s_1_19&otracker=search&fm=organic&iid=2ef4f2bf-c36a-4a14-bf88-bf16e2ff32f5.TVSGZGGPZ5JKMGYE.SEARCH&ppt=pp&ppn=pp&ssid=6b1rl6epn40000001763206694791&qH=79464212afb7fd6c
170,Television,Thomson 164 cm (65 inch) QLED Ultra HD (4K) Smart Google TV with HDR 10 | Dolby Atmos | 40W Sound Output | DTS Trusurround | Google Assistant | Dual Band Wi-Fi  (Q65H1100),4.3★,35598,5777,35999,57% off,https://www.flipkart.com/thomson-164-cm-65-inch-qled-ultra-hd-4k-smart-google-tv-hdr-10-dolby-atmos-40w-sound-output-dts-trusurround-assistant-dual-band-wi-fi/p/itm70a7a64aa66d3?pid=TVSGHADTPGMHTJMH&lid=LSTTVSGHADTPGMHTJMHCV0X9I&marketplace=FLIPKART&q=television&store=ckf%2Fczl&srno=s_1_20&otracker=search&fm=organic&iid=2ef4f2bf-c36a-4a14-bf88-bf16e2ff32f5.TVSGHADTPGMHTJMH.SEARCH&ppt=pp&ppn=pp&ssid=6b1rl6epn40000001763206694791&qH=79464212afb7fd6c
171,Television,PHILIPS Frameless 80 cm (32 inch) HD Ready LED Smart Google TV 2025 Edition with Dolby Audio|24W RMS Sound |HDR 10|Wider Colour Gamut | Ultra Narrow Bezel | 8 GB Storage |Energy Saving |Google Assistant  (32PFT6130/94),4.1★,3660,337,10999,52% off,https://www.flipkart.com/philips-frameless-80-cm-32-inch-hd-ready-led-smart-google-tv-2025-dolby-audio-24w-rms-sound-hdr-10-wider-colour-gamut-ultra-narrow-bezel-8-gb-storage-energy-saving-google-assistant/p/itme8ee3ef69c5b0?pid=TVSHBVARKXA88JQJ&lid=LSTTVSHBVARKXA88JQJTJKMOY&marketplace=FLIPKART&q=television&store=ckf%2Fczl&srno=s_1_21&otracker=search&fm=organic&iid=2ef4f2bf-c36a-4a14-bf88-bf16e2ff32f5.TVSHBVARKXA88JQJ.SEARCH&ppt=pp&ppn=pp&ssid=6b1rl6epn40000001763206694791&qH=79464212afb7fd6c
172,Television,Thomson Alpha 60 cm (24 Inch) HD Ready LED Smart Linux TV with 20 W Sound Output  (24Alpha001),4.3★,50158,6369,5799,42% off,https://www.flipkart.com/thomson-alpha-60-cm-24-inch-hd-ready-led-smart-linux-tv-20-w-sound-output/p/itm8e1f318f88ccc?pid=TVSGMGWWZYMMPG83&lid=LSTTVSGMGWWZYMMPG83APKNG2&marketplace=FLIPKART&q=television&store=ckf%2Fczl&srno=s_1_22&otracker=search&fm=organic&iid=2ef4f2bf-c36a-4a14-bf88-bf16e2ff32f5.TVSGMGWWZYMMPG83.SEARCH&ppt=pp&ppn=pp&ssid=6b1rl6epn40000001763206694791&qH=79464212afb7fd6c
173,Television,MarQ by Flipkart 60 cm (24 inch) HD Ready LED TV  (24HDNDQEETB),4.2★,9986,766,4899,67% off,https://www.flipkart.com/marq-flipkart-60-cm-24-inch-hd-ready-led-tv/p/itm1d8dfccd459d1?pid=TVSH2KYNDMV3XUQ2&lid=LSTTVSH2KYNDMV3XUQ2NDELTL&marketplace=FLIPKART&q=television&store=ckf%2Fczl&srno=s_1_23&otracker=search&fm=organic&iid=2ef4f2bf-c36a-4a14-bf88-bf16e2ff32f5.TVSH2KYNDMV3XUQ2.SEARCH&ppt=pp&ppn=pp&ssid=6b1rl6epn40000001763206694791&qH=79464212afb7fd6c
174,Television,Samsung 108 cm (43 inch) Full HD LED Smart Tizen TV 2025 Edition with Voice Assistance Remote Control | 100+ Free Channels | HDR 10+ Support | PurColor | Samsung Knox Security | Digital Tuner | Object Tracking Sound Lite | Adaptive Sound | Q-Symphony  (UA43F5550FUXXL),4.3★,9306,441,22490,18% off,https://www.flipkart.com/samsung-108-cm-43-inch-full-hd-led-smart-tizen-tv-2025-voice-assistance-remote-control-100-free-channels-hdr-10-support-purcolor-knox-security-digital-tuner-object-tracking-sound-lite-adaptive-q-symphony/p/itm6a94c219f7fc7?pid=TVSHBCHTZ54NJJSH&lid=LSTTVSHBCHTZ54NJJSHMDTTMN&marketplace=FLIPKART&q=television&store=ckf%2Fczl&srno=s_1_24&otracker=search&fm=organic&iid=2ef4f2bf-c36a-4a14-bf88-bf16e2ff32f5.TVSHBCHTZ54NJJSH.SEARCH&ppt=pp&ppn=pp&ssid=6b1rl6epn40000001763206694791&qH=79464212afb7fd6c
175,Television,Reliance Jumbo 60 cm (24 inch) HD Ready LED TV 2025 Edition with 24W Boom Speakers | Real Frameless | Noise Reduction | Monitor Support | Colour Enhancer  (RW24NS3972HD),3.8★,753,62,6479,50% off,https://www.flipkart.com/reliance-jumbo-60-cm-24-inch-hd-ready-led-tv-2025-24w-boom-speakers-real-frameless-noise-reduction-monitor-support-colour-enhancer/p/itm35008b74bd258?pid=TVSHFBUZWBH3J9UW&marketplace=FLIPKART
176,Printer,Canon PIXMA MegaTank/Ink Efficient G2730 Multi-function Color Ink Tank Printer with Black (70 ml) & Color (40 ml)  (4 Ink Bottles Included),4.1★,783,70,10999,17% off,https://www.flipkart.com/canon-pixma-megatank-ink-efficient-g2730-multi-function-color-ink-tank-printer-black-70-ml-40/p/itm93ff30817a43a?pid=PRNGNKWWARRFCHZD&lid=LSTPRNGNKWWARRFCHZD0YDJO6&marketplace=FLIPKART&q=printer&store=6bo%2Ftia%2Fffn%2Ft64&srno=s_1_1&otracker=search&fm=organic&iid=en_G8Bh8RP0Thi4gTbaBgqUByKC8wFliH6V7adzl9cMpPB-k8LngXpAFtilgYNo8x4VeDMiD4hJHgzhagtBi8stFg%3D%3D&ppt=pp&ppn=pp&ssid=o1yieyps9c0000001763206891364&qH=a9358f4ce02708d5
177,Printer,Canon PIXMA Mega Efficient G3012 Multi-function WiFi Color Ink Tank Printer (Color Page Cost: 0.21 Rs. | Black Page Cost: 0.09 Rs. | Borderless Printing) with 2 additional Black Ink Bottles  (6 Ink Bottles Included),4.4★,36836,3536,12999,30% off,https://www.flipkart.com/canon-pixma-mega-efficient-g3012-multi-function-wifi-color-ink-tank-printer-color-page-cost-0-21-rs-black-0-09-borderless-printing-2-additional-bottles/p/itm8b3fad9e0208a?pid=PRNF2QC6BX5M9NAJ&lid=LSTPRNF2QC6BX5M9NAJKRNVSY&marketplace=FLIPKART&q=printer&store=6bo%2Ftia%2Fffn%2Ft64&srno=s_1_2&otracker=search&fm=organic&iid=en_G8Bh8RP0Thi4gTbaBgqUByKC8wFliH6V7adzl9cMpPC4w5QWUXrGxB0e90AaYOG20gNwiYacgxa4WYaiE5PCRg%3D%3D&ppt=pp&ppn=pp&ssid=o1yieyps9c0000001763206891364&qH=a9358f4ce02708d5
178,Printer,Canon PIXMA MG2470 All-in-One Inkjet Printer  (Ink Cartridge),3.7★,51532,7087,3099,20% off,https://www.flipkart.com/canon-pixma-mg2470-all-in-one-inkjet-printer/p/itmdqatqsyzyzffn?pid=PRNDQAR9KZEKSKRF&lid=LSTPRNDQAR9KZEKSKRFYDQIJE&marketplace=FLIPKART&q=printer&store=6bo%2Ftia%2Fffn%2Ft64&srno=s_1_3&otracker=search&fm=organic&iid=f1750f92-7197-43b5-9326-19fd37d0786a.PRNDQAR9KZEKSKRF.SEARCH&ppt=pp&ppn=pp&ssid=o1yieyps9c0000001763206891364&qH=a9358f4ce02708d5
179,Printer,Canon PIXMA MG3070S Multi-function WiFi Color Inkjet Printer  (Ink Cartridge),3.7★,51532,7087,4481,25% off,https://www.flipkart.com/canon-pixma-mg3070s-multi-function-wifi-color-inkjet-printer/p/itmehvnb3zxjwy9f?pid=PRNEHVNB6R7HTWGG&lid=LSTPRNEHVNB6R7HTWGG1MXGBK&marketplace=FLIPKART&q=printer&store=6bo%2Ftia%2Fffn%2Ft64&srno=s_1_4&otracker=search&fm=organic&iid=f1750f92-7197-43b5-9326-19fd37d0786a.PRNEHVNB6R7HTWGG.SEARCH&ppt=pp&ppn=pp&ssid=o1yieyps9c0000001763206891364&qH=a9358f4ce02708d5
180,Printer,HP Smart All In One 529 Multi-function Color Ink Tank Printer for Print/Scan/Copy with Up to 4000 Black & 6000 color pages of ink in box  (4 Ink Bottles Included),4.2★,13149,1186,9999,23% off,https://www.flipkart.com/hp-smart-all-one-529-multi-function-color-ink-tank-printer-print-scan-copy-up-4000-black-6000-pages-box/p/itmd0ee2f16df471?pid=PRNGKZB6WHVACNP8&lid=LSTPRNGKZB6WHVACNP8NHWK0C&marketplace=FLIPKART&q=printer&store=6bo%2Ftia%2Fffn%2Ft64&srno=s_1_5&otracker=search&fm=organic&iid=f1750f92-7197-43b5-9326-19fd37d0786a.PRNGKZB6WHVACNP8.SEARCH&ppt=pp&ppn=pp&ssid=o1yieyps9c0000001763206891364&qH=a9358f4ce02708d5
181,Printer,"brother DCP-T730DW Multi-function WiFi Color Ink Tank Printer (Borderless Printing) for Print/Copy/Scan with ADF Printer, Print Upto 15K Pages Black & 5K in Color Each for(CMY), Auto Duplex 2-Sided Printer  (5 Ink Bottles Included)",4.1★,68,7,18499,19% off,https://www.flipkart.com/brother-dcp-t730dw-multi-function-wifi-color-ink-tank-printer-borderless-printing-print-copy-scan-adf-printer-print-upto-15k-pages-black-5k-each-for-cmy-auto-duplex-2-sided/p/itm8e48b5282b47c?pid=PRNHDTBF8EB4RZJH&lid=LSTPRNHDTBF8EB4RZJHJXVBUW&marketplace=FLIPKART&q=printer&store=6bo%2Ftia%2Fffn%2Ft64&srno=s_1_6&otracker=search&fm=organic&iid=en_G8Bh8RP0Thi4gTbaBgqUByKC8wFliH6V7adzl9cMpPCpYdtT7PSfaweZ-SWKn5j-6zs8J5GWIGKYAHSuDUkIdI06z3QAm4-AoFL_C4Jep-g%3D&ppt=pp&ppn=pp&ssid=o1yieyps9c0000001763206891364&qH=a9358f4ce02708d5
182,Printer,Canon PIXMA E3370 Multi-function WiFi Color Inkjet Printer (Borderless Printing)  (Ink Cartridge),3.9★,15520,1406,5499,21% off,https://www.flipkart.com/canon-pixma-e3370-multi-function-wifi-color-inkjet-printer-borderless-printing/p/itm2e6c7d964ef40?pid=PRNFMSFZRUAHGYJZ&lid=LSTPRNFMSFZRUAHGYJZ4HW4G7&marketplace=FLIPKART&q=printer&store=6bo%2Ftia%2Fffn%2Ft64&spotlightTagId=default_BestsellerId_6bo%2Ftia%2Fffn%2Ft64&srno=s_1_7&otracker=search&fm=organic&iid=f1750f92-7197-43b5-9326-19fd37d0786a.PRNFMSFZRUAHGYJZ.SEARCH&ppt=sp&ppn=sp&ssid=o1yieyps9c0000001763206891364&qH=a9358f4ce02708d5
183,Printer,Canon PIXMA TS307 Single Function WiFi Color Inkjet Printer  (Ink Cartridge),3.6★,13364,1457,3249,9% off,https://www.flipkart.com/canon-pixma-ts307-single-function-wifi-color-inkjet-printer/p/itmb50780af949b8?pid=PRNF48UZBDBSCGQ2&lid=LSTPRNF48UZBDBSCGQ2LP7FG4&marketplace=FLIPKART&q=printer&store=6bo%2Ftia%2Fffn%2Ft64&srno=s_1_8&otracker=search&fm=organic&iid=f1750f92-7197-43b5-9326-19fd37d0786a.PRNF48UZBDBSCGQ2.SEARCH&ppt=pp&ppn=pp&ssid=o1yieyps9c0000001763206891364&qH=a9358f4ce02708d5
184,Printer,"HP DeskJet Ink Advantage 2338 Multi-function Color Inkjet Printer for Print/Scan/Copy, Ideal for Home  (Ink Cartridge, 1 Ink Bottle Included)",3.7★,675,66,4999,28% off,https://www.flipkart.com/hp-deskjet-ink-advantage-2338-multi-function-color-inkjet-printer-print-scan-copy-ideal-home/p/itm89ae2879dd23f?pid=PRNFTXAWURZDZJ2X&lid=LSTPRNFTXAWURZDZJ2XQVGLUW&marketplace=FLIPKART&q=printer&store=6bo%2Ftia%2Fffn%2Ft64&srno=s_1_9&otracker=search&fm=organic&iid=f1750f92-7197-43b5-9326-19fd37d0786a.PRNFTXAWURZDZJ2X.SEARCH&ppt=pp&ppn=pp&ssid=o1yieyps9c0000001763206891364&qH=a9358f4ce02708d5
185,Printer,HP Smart All In One 589 Multi-function WiFi Color Ink Tank Printer for Print/Scan/Copy with Up to 4000 Black & 6000 color pages of ink in box  (4 Ink Bottles Included),4.2★,13149,1186,12999,23% off,https://www.flipkart.com/hp-smart-all-one-589-multi-function-wifi-color-ink-tank-printer-print-scan-copy-up-4000-black-6000-pages-box/p/itmd0ee2f16df471?pid=PRNGKZB6NY9YMRJN&lid=LSTPRNGKZB6NY9YMRJNGYQULQ&marketplace=FLIPKART&q=printer&store=6bo%2Ftia%2Fffn%2Ft64&srno=s_1_10&otracker=search&fm=organic&iid=f1750f92-7197-43b5-9326-19fd37d0786a.PRNGKZB6NY9YMRJN.SEARCH&ppt=pp&ppn=pp&ssid=o1yieyps9c0000001763206891364&qH=a9358f4ce02708d5
186,Printer,Canon PIXMA INK EFFICIENT G3770 Multi-function WiFi Color Ink Tank Printer for Print/Copy/Scan with 6000 black and 7700 color prints  (4 Ink Bottles Included),4.3★,5204,489,13499,33% off,https://www.flipkart.com/canon-pixma-ink-efficient-g3770-multi-function-wifi-color-tank-printer-print-copy-scan-6000-black-7700-prints/p/itm7613c7d4dfadb?pid=PRNGNKWWJQXYATUH&lid=LSTPRNGNKWWJQXYATUHNID9JN&marketplace=FLIPKART&q=printer&store=6bo%2Ftia%2Fffn%2Ft64&srno=s_1_11&otracker=search&fm=organic&iid=en_G8Bh8RP0Thi4gTbaBgqUByKC8wFliH6V7adzl9cMpPDjn4NnVSe-qgbd5eqr-B0ZCnjABGl0zXvXIcbvaA1hPkKsf8s6I2Oz2HOgbXTo_9U%3D&ppt=pp&ppn=pp&ssid=o1yieyps9c0000001763206891364&qH=a9358f4ce02708d5
187,Printer,"brother DCP-T436W Multi-function WiFi Color Ink Tank Printer (Borderless Printing) for Print/Copy/Scan with 27/11 PPM BK/CL, Print Upto 7.5 K Pages in Black & 5 K in Color Each for(CMY), Best for Home Printing  (4 Ink Bottles Included)",4.7★,6,0,13299,17% off,https://www.flipkart.com/brother-dcp-t436w-multi-function-wifi-color-ink-tank-printer-borderless-printing-print-copy-scan-27-11-ppm-bk-cl-print-upto-7-5-k-pages-black-5-each-for-cmy-best-home-printing/p/itmabb627cfafff2?pid=PRNHDTBF8ZNGBT4E&lid=LSTPRNHDTBF8ZNGBT4EA0HES7&marketplace=FLIPKART&q=printer&store=6bo%2Ftia%2Fffn%2Ft64&srno=s_1_12&otracker=search&fm=organic&iid=en_G8Bh8RP0Thi4gTbaBgqUByKC8wFliH6V7adzl9cMpPAtLTnBqXKXuYIN0PKpgUUn4JavgA5mYEv1EOzCiaUaYeo15S0a61Wzzbg3qNOknKY%3D&ppt=pp&ppn=pp&ssid=o1yieyps9c0000001763206891364&qH=a9358f4ce02708d5
188,Printer,Epson L3251 Multi-function WiFi Color Ink Tank Printer  (4 Ink Bottles Included),4.3★,19627,1759,13799,23% off,https://www.flipkart.com/epson-l3251-multi-function-wifi-color-ink-tank-printer/p/itm64fa60fa429b5?pid=PRNG87QKNKBCE36H&lid=LSTPRNG87QKNKBCE36HAUQELE&marketplace=FLIPKART&q=printer&store=6bo%2Ftia%2Fffn%2Ft64&spotlightTagId=default_BestsellerId_6bo%2Ftia%2Fffn%2Ft64&srno=s_1_13&otracker=search&fm=organic&iid=f1750f92-7197-43b5-9326-19fd37d0786a.PRNG87QKNKBCE36H.SEARCH&ppt=sp&ppn=sp&ssid=o1yieyps9c0000001763206891364&qH=a9358f4ce02708d5
189,Printer,Canon PIXMA MegaTank/Ink Efficient G4770 Multi-function WiFi Color Ink Tank Printer with Black (135 ml) & Color (70 ml)  (4 Ink Bottles Included),4.2★,667,63,15499,37% off,https://www.flipkart.com/canon-pixma-megatank-ink-efficient-g4770-multi-function-wifi-color-ink-tank-printer-black-135-ml-70/p/itme339b3bb24c42?pid=PRNGNKWWUC8FA3TF&lid=LSTPRNGNKWWUC8FA3TFTSRP3F&marketplace=FLIPKART&q=printer&store=6bo%2Ftia%2Fffn%2Ft64&srno=s_1_14&otracker=search&fm=organic&iid=f1750f92-7197-43b5-9326-19fd37d0786a.PRNGNKWWUC8FA3TF.SEARCH&ppt=pp&ppn=pp&ssid=o1yieyps9c0000001763206891364&qH=a9358f4ce02708d5
190,Printer,Epson L3250 Multi-function WiFi Color Ink Tank Printer  (4 Ink Bottles Included),4.3★,12502,1070,13699,23% off,https://www.flipkart.com/epson-l3250-multi-function-wifi-color-ink-tank-printer/p/itm64fa60fa429b5?pid=PRNG8RM85CUZHD2E&lid=LSTPRNG8RM85CUZHD2EXSI7FL&marketplace=FLIPKART&q=printer&store=6bo%2Ftia%2Fffn%2Ft64&srno=s_1_15&otracker=search&fm=organic&iid=f1750f92-7197-43b5-9326-19fd37d0786a.PRNG8RM85CUZHD2E.SEARCH&ppt=pp&ppn=pp&ssid=o1yieyps9c0000001763206891364&qH=a9358f4ce02708d5
191,Printer,"HP DeskJet Ink Advantage 4278 All-in-One Multi-function WiFi Color Inkjet Printer for Print/Scan/Copy with Auto Document Feeder, Ideal for Home/Small Office  (Ink Cartridge)",3.7★,3821,404,6999,29% off,https://www.flipkart.com/hp-deskjet-ink-advantage-4278-all-in-one-multi-function-wifi-color-inkjet-printer-print-scan-copy-auto-document-feeder-ideal-home-small-office/p/itmd4927c8a9dc70?pid=PRNGTJ2FWKUZBH4N&lid=LSTPRNGTJ2FWKUZBH4NYDETOI&marketplace=FLIPKART&q=printer&store=6bo%2Ftia%2Fffn%2Ft64&srno=s_1_16&otracker=search&fm=organic&iid=f1750f92-7197-43b5-9326-19fd37d0786a.PRNGTJ2FWKUZBH4N.SEARCH&ppt=pp&ppn=pp&ssid=o1yieyps9c0000001763206891364&qH=a9358f4ce02708d5
192,Printer,"brother DCP-T535DW Multi-function WiFi Color Ink Tank Printer (Borderless Printing) for Print/Copy/Scan with 128MB Memory, Print Pages Upto 15K in Black & 5K in Color Each (CMY), Auto Duplex 2-Sided Printer  (5 Ink Bottles Included)",4.3★,142,16,16499,9% off,https://www.flipkart.com/brother-dcp-t535dw-multi-function-wifi-color-ink-tank-printer-borderless-printing-print-copy-scan-128mb-memory-print-pages-upto-15k-black-5k-each-cmy-auto-duplex-2-sided/p/itme63eaf38e8a98?pid=PRNHDTBFH4XRSEUQ&lid=LSTPRNHDTBFH4XRSEUQ2FHB7K&marketplace=FLIPKART&q=printer&store=6bo%2Ftia%2Fffn%2Ft64&srno=s_1_17&otracker=search&fm=organic&iid=en_G8Bh8RP0Thi4gTbaBgqUByKC8wFliH6V7adzl9cMpPCdrKKLISYaOaea5aIyPz7M8cyhrzjo_vV-4moK88t-AQaKg8hQxVtMHqLTdaqeDbc%3D&ppt=pp&ppn=pp&ssid=o1yieyps9c0000001763206891364&qH=a9358f4ce02708d5
193,Printer,"Canon MegaTank G3780 Multi-function WiFi Color Ink Tank Printer (Borderless Printing) for Print/Copy/Scan with 6000 black and 7700 color prints, 1.35 inch LCD Panel & Auto 2-Sided Printing  (4 Ink Bottles Included)",3.8★,16,5,16999,26% off,https://www.flipkart.com/canon-megatank-g3780-multi-function-wifi-color-ink-tank-printer-borderless-printing-print-copy-scan-6000-black-7700-prints-1-35-inch-lcd-panel-auto-2-sided-printing/p/itmbbaed0fd9ccca?pid=PRNH8XX2V95T7CSM&lid=LSTPRNH8XX2V95T7CSMAEUL38&marketplace=FLIPKART&q=printer&store=6bo%2Ftia%2Fffn%2Ft64&srno=s_1_18&otracker=search&fm=organic&iid=en_G8Bh8RP0Thi4gTbaBgqUByKC8wFliH6V7adzl9cMpPAvlrtms7dvZqIMMMsFual2I4FVB2VkbcBQf2Mhp0kU7GVkv0XZFiOX7bbXdlao_f8%3D&ppt=pp&ppn=pp&ssid=o1yieyps9c0000001763206891364&qH=a9358f4ce02708d5
194,Printer,"HP MFP 1188A Multi-function Monochrome Laser Printer  (Toner Cartridge, 4 Ink Bottles Included)",4.1★,1744,121,15499,23% off,https://www.flipkart.com/hp-mfp-1188a-multi-function-monochrome-laser-printer/p/itm0136827af7a1c?pid=PRNGZYZFHVFMHJSC&lid=LSTPRNGZYZFHVFMHJSCNGITYW&marketplace=FLIPKART&q=printer&store=6bo%2Ftia%2Fffn%2Ft64&srno=s_1_19&otracker=search&fm=organic&iid=f1750f92-7197-43b5-9326-19fd37d0786a.PRNGZYZFHVFMHJSC.SEARCH&ppt=pp&ppn=pp&ssid=o1yieyps9c0000001763206891364&qH=a9358f4ce02708d5
195,Printer,HP Smart Tank All in One 583 Multi-function WiFi Color Ink Tank Printer (Borderless Printing) for Print/Copy/Scan with Up to 4000 pages of Black or 6000 pages of color ink in the box and Mobile Fax Support with HP Smart App  (4 Ink Bottles Included),4.2★,13149,1186,12999,23% off,https://www.flipkart.com/hp-smart-tank-all-one-583-multi-function-wifi-color-ink-printer-borderless-printing-print-copy-scan-up-4000-pages-black-6000-box-mobile-fax-support-app/p/itm89357b6858559?pid=PRNHF5W5GYUMPMBG&lid=LSTPRNHF5W5GYUMPMBG0IW5SH&marketplace=FLIPKART&q=printer&store=6bo%2Ftia%2Fffn%2Ft64&srno=s_1_20&otracker=search&fm=organic&iid=f1750f92-7197-43b5-9326-19fd37d0786a.PRNHF5W5GYUMPMBG.SEARCH&ppt=pp&ppn=pp&ssid=o1yieyps9c0000001763206891364&qH=a9358f4ce02708d5
196,Printer,"Canon MegaTank G4780 Multi-function WiFi Color Ink Tank Printer (Borderless Printing) for Print/Copy/Scan with ADF Printer,6000 black and 7700 color prints, 2.7 inch TouchScreen LCD Panel & Auto 2-Sided Printing  (4 Ink Bottles Included)",4.2★,75,5,20899,29% off,https://www.flipkart.com/canon-megatank-g4780-multi-function-wifi-color-ink-tank-printer-borderless-printing-print-copy-scan-adf-printer-6000-black-7700-prints-2-7-inch-touchscreen-lcd-panel-auto-2-sided-printing/p/itmf77d89cefb44e?pid=PRNH8XX2SDZSP9ZF&lid=LSTPRNH8XX2SDZSP9ZFSCCM9U&marketplace=FLIPKART&q=printer&store=6bo%2Ftia%2Fffn%2Ft64&srno=s_1_21&otracker=search&fm=organic&iid=en_G8Bh8RP0Thi4gTbaBgqUByKC8wFliH6V7adzl9cMpPCqV5XtQSwLEvYFs0721p5nbfDvaLeJzqXtiYCf8hmZlfcUmN_6PwCReg_VTM4VLxo%3D&ppt=pp&ppn=pp&ssid=o1yieyps9c0000001763206891364&qH=a9358f4ce02708d5
197,Printer,Canon PIXMA MegaTank G1730 Single Function Color Ink Tank Printer with Black (70 ml) & Color (40 ml) ink bottles  (4 Ink Bottles Included),3.8★,117,9,7999,22% off,https://www.flipkart.com/canon-pixma-megatank-g1730-single-function-color-ink-tank-printer-black-70-ml-40-bottles/p/itme8537dc2fd050?pid=PRNGNKWW28W9ZVX9&lid=LSTPRNGNKWW28W9ZVX9FEFGYN&marketplace=FLIPKART&q=printer&store=6bo%2Ftia%2Fffn%2Ft64&srno=s_1_22&otracker=search&fm=organic&iid=f1750f92-7197-43b5-9326-19fd37d0786a.PRNGNKWW28W9ZVX9.SEARCH&ppt=pp&ppn=pp&ssid=o1yieyps9c0000001763206891364&qH=a9358f4ce02708d5
198,Printer,Canon PIXMA TS3370S Multi-function WiFi Color Inkjet Printer (Borderless Printing)  (Ink Cartridge),3.5★,2664,320,5500,15% off,https://www.flipkart.com/canon-pixma-ts3370s-multi-function-wifi-color-inkjet-printer-borderless-printing/p/itm2e6c7d964ef40?pid=PRNFMSFZD8YTHHHH&lid=LSTPRNFMSFZD8YTHHHHDBH1LG&marketplace=FLIPKART&q=printer&store=6bo%2Ftia%2Fffn%2Ft64&srno=s_1_23&otracker=search&fm=organic&iid=f1750f92-7197-43b5-9326-19fd37d0786a.PRNFMSFZD8YTHHHH.SEARCH&ppt=pp&ppn=pp&ssid=o1yieyps9c0000001763206891364&qH=a9358f4ce02708d5
199,Printer,HP Smart Tank All in One 523 Multi-function Color Ink Tank Printer (Borderless Printing) for Print/Copy/Scan with Up to 4000 pages of Black or 6000 pages of color ink in the box  (4 Ink Bottles Included),4.2★,13149,1186,10999,16% off,https://www.flipkart.com/hp-smart-tank-all-one-523-multi-function-color-ink-printer-borderless-printing-print-copy-scan-up-4000-pages-black-6000-box/p/itm89357b6858559?pid=PRNHF5W5BZHBDTDU&lid=LSTPRNHF5W5BZHBDTDUKALQCB&marketplace=FLIPKART&q=printer&store=6bo%2Ftia%2Fffn%2Ft64&srno=s_1_24&otracker=search&fm=organic&iid=f1750f92-7197-43b5-9326-19fd37d0786a.PRNHF5W5BZHBDTDU.SEARCH&ppt=pp&ppn=pp&ssid=o1yieyps9c0000001763206891364&qH=a9358f4ce02708d5
200,Printer,Epson Eco L3266 Multi-function WiFi Color Ink Tank Printer (Color Page Cost: 24 Paise | Black Page Cost: 9 Paise | Borderless Printing) with Micro Piezo Heat Free Technology & 3.6 cm color LCD Screen  (4 Ink Bottles Included),4.3★,2306,206,15199,20% off,https://www.flipkart.com/epson-eco-l3266-multi-function-wifi-color-ink-tank-printer-color-page-cost-24-paise-black-9-borderless-printing-micro-piezo-heat-free-technology-3-6-cm-lcd-screen/p/itma7ce6fd38b21a?pid=PRNGX7PZ8WJYUCUH&lid=LSTPRNGX7PZ8WJYUCUHU3YERV&marketplace=FLIPKART&q=printer&store=6bo%2Ftia%2Fffn%2Ft64&srno=s_1_25&otracker=search&fm=organic&iid=f1750f92-7197-43b5-9326-19fd37d0786a.PRNGX7PZ8WJYUCUH.SEARCH&ppt=pp&ppn=pp&ssid=o1yieyps9c0000001763206891364&qH=a9358f4ce02708d5
201,Speaker,"Mivi Fort Sonic 600 Soundbar, 5.1 Channel,Multi-Input and EQ Modes,BT v5.3 600 W Bluetooth Soundbar  (Black, 5.2 Channel)",4.3★,31075,5443,7499,81% off,https://www.flipkart.com/mivi-fort-sonic-600-soundbar-5-1-channel-multi-input-eq-modes-bt-v5-3-w-bluetooth-soundbar/p/itmf2c465c4b0761?pid=ACCHE36MZHFFQN9G&lid=LSTACCHE36MZHFFQN9GFPNKER&marketplace=FLIPKART&q=speaker&store=0pm%2F0o7&srno=s_1_1&otracker=search&fm=organic&iid=en_zKL2xEwVuiFbzvCTTGYGe523GP5fJ7nfawYQ2YGmD5-eGXl_Od50BwnpGSXQqPHGJLrDGkFjU75WCv7tt48KHPUFjCTyOHoHZs-Z5_PS_w0%3D&ppt=pp&ppn=pp&ssid=q1e6hrhbs00000001763207081099&qH=f0dc81a8a980333e
202,Speaker,"Nu Republic 20 Upto 12 hrs Playtime with 52 mm Dynamic Drivers & X-BassTech 20 W Bluetooth Speaker  (Black, 2.0 Channel)",3.9★,14197,2127,899,80% off,https://www.flipkart.com/nu-republic-20-upto-12-hrs-playtime-52-mm-dynamic-drivers-x-basstech-w-bluetooth-speaker/p/itm0c212e267fb71?pid=ACCGQWXF6QCQ7DHR&lid=LSTACCGQWXF6QCQ7DHRZG0PJK&marketplace=FLIPKART&q=speaker&store=0pm%2F0o7&srno=s_1_2&otracker=search&fm=organic&iid=en_zKL2xEwVuiFbzvCTTGYGe523GP5fJ7nfawYQ2YGmD5-q-24A2Y71xrqK4QdL7k-IOVsClMtdoTMIyGwZ4bMAOfUFjCTyOHoHZs-Z5_PS_w0%3D&ppt=pp&ppn=pp&ssid=q1e6hrhbs00000001763207081099&qH=f0dc81a8a980333e
203,Speaker,"Tec V speaker J-B-iL_Mini Boost 4 | Bluetooth Speaker | Wireless | Pocket Size m4 - 2 10 W Bluetooth Speaker  (Multicolor, 5.1 Channel)",3.3★,83,8,288,83% off,https://www.flipkart.com/tec-v-speaker-j-b-il-mini-boost-4-bluetooth-wireless-pocket-size-m4-2-10-w/p/itm83a57eda44ccd?pid=ACCHH4HTGZNHN5YZ&lid=LSTACCHH4HTGZNHN5YZGEWB1G&marketplace=FLIPKART&q=speaker&store=0pm%2F0o7&srno=s_1_3&otracker=search&fm=organic&iid=0cfd6e53-8dd8-4156-bfc7-4b49ac211760.ACCHH4HTGZNHN5YZ.SEARCH&ppt=pp&ppn=pp&ssid=q1e6hrhbs00000001763207081099&qH=f0dc81a8a980333e
204,Speaker,"MZ M412SP (PORTABLE) Dynamic Thunder Sound With High Bass 5 W Bluetooth Speaker  (Multicolor, Stereo Channel)",4★,23684,1480,264,66% off,https://www.flipkart.com/mz-m412sp-portable-dynamic-thunder-sound-high-bass-5-w-bluetooth-speaker/p/itm08029347893ca?pid=ACCGGHH6MXJK6SB3&lid=LSTACCGGHH6MXJK6SB3SW6ABF&marketplace=FLIPKART&q=speaker&store=0pm%2F0o7&srno=s_1_4&otracker=search&fm=organic&iid=0cfd6e53-8dd8-4156-bfc7-4b49ac211760.ACCGGHH6MXJK6SB3.SEARCH&ppt=pp&ppn=pp&ssid=q1e6hrhbs00000001763207081099&qH=f0dc81a8a980333e
205,Speaker,"F FERONS Wireless rechargeable brand new portable Premium bass Multimedia FFRTG-113 9 W Bluetooth Speaker  (Black, Stereo Channel)",3.9★,90160,5667,389,74% off,https://www.flipkart.com/f-ferons-wireless-rechargeable-brand-new-portable-premium-bass-multimedia-ffrtg-113-9-w-bluetooth-speaker/p/itm6a87b4205fa0a?pid=ACCFW8ZAU2RXQHFA&lid=LSTACCFW8ZAU2RXQHFAH5BT51&marketplace=FLIPKART&q=speaker&store=0pm%2F0o7&srno=s_1_5&otracker=search&fm=organic&iid=0cfd6e53-8dd8-4156-bfc7-4b49ac211760.ACCFW8ZAU2RXQHFA.SEARCH&ppt=pp&ppn=pp&ssid=q1e6hrhbs00000001763207081099&qH=f0dc81a8a980333e
206,Speaker,"Nu Republic Party Box 16 With X-Bass®Technology, Upto 10 Hrs Playtime, Multiple RGB Modes, 16 W Bluetooth Speaker  (Black, 2.0 Channel)",3.8★,5066,861,799,80% off,https://www.flipkart.com/nu-republic-party-box-16-x-basstechnology-upto-10-hrs-playtime-multiple-rgb-modes-w-bluetooth-speaker/p/itm353158b55b41e?pid=ACCGNXFZ5AUD2PVC&lid=LSTACCGNXFZ5AUD2PVCWHPGI4&marketplace=FLIPKART&q=speaker&store=0pm%2F0o7&srno=s_1_6&otracker=search&fm=organic&iid=en_zKL2xEwVuiFbzvCTTGYGe523GP5fJ7nfawYQ2YGmD5-hRgE7vvZ5nPzs1NiShSWlSpf-Fpw7TMnP-rsHkTfRL33Gaq_wzx4HJysDmGalzMk%3D&ppt=pp&ppn=pp&ssid=q1e6hrhbs00000001763207081099&qH=f0dc81a8a980333e
207,Speaker,"boAt Aavante Bar 480/490, Free Music on JioSaavn, 7H Battery, Dual Full Range Drivers 10 W Bluetooth Speaker  (Black, 2.0 Channel)",4.1★,31998,1678,949,72% off,https://www.flipkart.com/boat-aavante-bar-480-490-free-music-jiosaavn-7h-battery-dual-full-range-drivers-10-w-bluetooth-speaker/p/itm24daef7dae25e?pid=ACCGSXGTGJJ9X5ZU&lid=LSTACCGSXGTGJJ9X5ZUKXV3QA&marketplace=FLIPKART&q=speaker&store=0pm%2F0o7&spotlightTagId=default_BestsellerId_0pm%2F0o7&srno=s_1_7&otracker=search&fm=organic&iid=0cfd6e53-8dd8-4156-bfc7-4b49ac211760.ACCGSXGTGJJ9X5ZU.SEARCH&ppt=sp&ppn=sp&ssid=q1e6hrhbs00000001763207081099&qH=f0dc81a8a980333e
208,Speaker,"Pharaoh (Portable Bluetooth Speakers) Mini Wireless (Speaker) With Clear SoundOK63 20 W Bluetooth Speaker  (Multicolor, 4.1 Channel)",3.4★,0,0,298,62% off,https://www.flipkart.com/pharaoh-portable-bluetooth-speakers-mini-wireless-speaker-clear-soundok63-20-w-speaker/p/itm74ae819f4a0de?pid=ACCHGXMVHAGMQXN6&lid=LSTACCHGXMVHAGMQXN6JJTERD&marketplace=FLIPKART&q=speaker&store=0pm%2F0o7&srno=s_1_8&otracker=search&fm=organic&iid=0cfd6e53-8dd8-4156-bfc7-4b49ac211760.ACCHGXMVHAGMQXN6.SEARCH&ppt=pp&ppn=pp&ssid=q1e6hrhbs00000001763207081099&qH=f0dc81a8a980333e
209,Speaker,"Frontech SPK-0002BLU 3 W Laptop/Desktop Speaker  (Blue, 2.0 Channel)",3.6★,7326,366,369,38% off,https://www.flipkart.com/frontech-spk-0002blu-3-w-laptop-desktop-speaker/p/itm32d9935d747d7?pid=ACCGSHDBWH868JWY&lid=LSTACCGSHDBWH868JWYMVVDPK&marketplace=FLIPKART&q=speaker&store=0pm%2F0o7&srno=s_1_9&otracker=search&fm=organic&iid=0cfd6e53-8dd8-4156-bfc7-4b49ac211760.ACCGSHDBWH868JWY.SEARCH&ppt=pp&ppn=pp&ssid=q1e6hrhbs00000001763207081099&qH=f0dc81a8a980333e
210,Speaker,"boAt Stone 190 Pro w/ 12 HRS Playback, TWS Feature & IPX6 Splash Resistance 5 W Bluetooth Speaker  (Raging Black, Mono Channel)",4.1★,30251,1975,699,76% off,https://www.flipkart.com/boat-stone-190-pro-w-12-hrs-playback-tws-feature-ipx6-splash-resistance-5-w-bluetooth-speaker/p/itm4d6984214a0e8?pid=ACCHY8GGFDTHFHXF&lid=LSTACCHY8GGFDTHFHXFLZNLKO&marketplace=FLIPKART&q=speaker&store=0pm%2F0o7&srno=s_1_10&otracker=search&fm=organic&iid=0cfd6e53-8dd8-4156-bfc7-4b49ac211760.ACCHY8GGFDTHFHXF.SEARCH&ppt=pp&ppn=pp&ssid=q1e6hrhbs00000001763207081099&qH=f0dc81a8a980333e
211,Speaker,"TRIGGR Roar 12 Portable BT, V5.3, FM Mode, Rubber Finish, 8 Hr Playtime 12 W Bluetooth Speaker  (Red Eclipse, Mono Channel)",4.4★,972,137,799,80% off,https://www.flipkart.com/triggr-roar-12-portable-bt-v5-3-fm-mode-rubber-finish-8-hr-playtime-w-bluetooth-speaker/p/itma81c59a12067d?pid=ACCHEAX6G6RFZFJE&lid=LSTACCHEAX6G6RFZFJEH3RLM0&marketplace=FLIPKART&q=speaker&store=0pm%2F0o7&srno=s_1_11&otracker=search&fm=organic&iid=en_zKL2xEwVuiFbzvCTTGYGe523GP5fJ7nfawYQ2YGmD58TVgFmIeg6AOh7xbRuhs_kTDJZfajtF2FOYtn_-AwvmOvN4Mn-dv-pi277bRzMbnY%3D&ppt=pp&ppn=pp&ssid=q1e6hrhbs00000001763207081099&qH=f0dc81a8a980333e
212,Speaker,"Nu Republic PartyBox 240 With 16 Hrs Playtime, Dual 52mm Dynamic Driver, Multi RGB LED Light 24 W Bluetooth Speaker  (Black, 2.0 Channel)",3.9★,2226,256,1199,76% off,https://www.flipkart.com/nu-republic-partybox-240-16-hrs-playtime-dual-52mm-dynamic-driver-multi-rgb-led-light-24-w-bluetooth-speaker/p/itm5d91d375bf086?pid=ACCHYZ2JAWHGAGGP&lid=LSTACCHYZ2JAWHGAGGPK5AIMI&marketplace=FLIPKART&q=speaker&store=0pm%2F0o7&srno=s_1_12&otracker=search&fm=organic&iid=en_zKL2xEwVuiFbzvCTTGYGe523GP5fJ7nfawYQ2YGmD5-Yz848bBA0Gx0ylQK_dRM5Qqon6FrtOKxNYIX-q7V_LmaRs4JL222ZRV-dN99QnxU%3D&ppt=pp&ppn=pp&ssid=q1e6hrhbs00000001763207081099&qH=f0dc81a8a980333e
213,Speaker,"Jmax WS-1831 Wireless Speaker (1500mAh Battery) Supports FM, SD Card, USB & TWS 7 W Bluetooth Speaker  (Red, Stereo Channel)",4★,235,15,299,85% off,https://www.flipkart.com/jmax-ws-1831-wireless-speaker-1500mah-battery-supports-fm-sd-card-usb-tws-7-w-bluetooth/p/itma5183cfbcea08?pid=ACCHDFEKAMVZZHCU&lid=LSTACCHDFEKAMVZZHCUP3ULFL&marketplace=FLIPKART&q=speaker&store=0pm%2F0o7&srno=s_1_13&otracker=search&fm=organic&iid=0cfd6e53-8dd8-4156-bfc7-4b49ac211760.ACCHDFEKAMVZZHCU.SEARCH&ppt=pp&ppn=pp&ssid=q1e6hrhbs00000001763207081099&qH=f0dc81a8a980333e
214,Speaker,"GUGGU Raibow (BLUETOOTH TROLLEY SPEAKER) Dynamic Thunder Sound With Karaoke MicO39 35 W Bluetooth Party Speaker  (Black, 4.1 Channel)",3.2★,0,0,1399,30% off,https://www.flipkart.com/guggu-raibow-bluetooth-trolley-speaker-dynamic-thunder-sound-karaoke-mico39-35-w-bluetooth-party-speaker/p/itm8ebdac7d9c304?pid=ACCHG86DJNGDEEVS&lid=LSTACCHG86DJNGDEEVSXBLIU6&marketplace=FLIPKART&q=speaker&store=0pm%2F0o7&srno=s_1_14&otracker=search&fm=organic&iid=0cfd6e53-8dd8-4156-bfc7-4b49ac211760.ACCHG86DJNGDEEVS.SEARCH&ppt=pp&ppn=pp&ssid=q1e6hrhbs00000001763207081099&qH=f0dc81a8a980333e
215,Speaker,"boAt Stone 350 Pro/358 Pro, Music Streaming on JioSaavn,12 HRS Playback, IPX5 14 W Bluetooth Speaker  (Raging Black, Mono Channel)",4.2★,42752,2944,1499,69% off,https://www.flipkart.com/boat-stone-350-pro-358-pro-music-streaming-jiosaavn-12-hrs-playback-ipx5-14-w-bluetooth-speaker/p/itm509d08be10fe8?pid=ACCHFRH3HE4GCZZF&lid=LSTACCHFRH3HE4GCZZFWTTYVC&marketplace=FLIPKART&q=speaker&store=0pm%2F0o7&spotlightTagId=default_BestsellerId_0pm%2F0o7&srno=s_1_15&otracker=search&fm=organic&iid=0cfd6e53-8dd8-4156-bfc7-4b49ac211760.ACCHFRH3HE4GCZZF.SEARCH&ppt=sp&ppn=sp&ssid=q1e6hrhbs00000001763207081099&qH=f0dc81a8a980333e
216,Speaker,"Shivana Mini Boost 4 | Mini Speaker | Wireless Bluetooth Speaker | Pocket Size Speaker 10 W Bluetooth Home Audio Speaker  (Silver, Stereo Channel)",3.8★,317,28,274,86% off,https://www.flipkart.com/shivana-mini-boost-4-speaker-wireless-bluetooth-pocket-size-10-w-home-audio/p/itm5da4095a17a6a?pid=ACCH6ZJ2HVQZHBGZ&lid=LSTACCH6ZJ2HVQZHBGZUE5IL1&marketplace=FLIPKART&q=speaker&store=0pm%2F0o7&srno=s_1_16&otracker=search&fm=organic&iid=0cfd6e53-8dd8-4156-bfc7-4b49ac211760.ACCH6ZJ2HVQZHBGZ.SEARCH&ppt=pp&ppn=pp&ssid=q1e6hrhbs00000001763207081099&qH=f0dc81a8a980333e
217,Speaker,"Nu Republic PartyBox 165 With 10 Hrs Playtime, Dual 52mm Dynamic Driver, Multi RGB LED Light 16 W Bluetooth Speaker  (Black, 2.0 Channel)",3.9★,548,161,999,75% off,https://www.flipkart.com/nu-republic-partybox-165-10-hrs-playtime-dual-52mm-dynamic-driver-multi-rgb-led-light-16-w-bluetooth-speaker/p/itmc345abf56ab05?pid=ACCHA6E8M3QTTGXB&lid=LSTACCHA6E8M3QTTGXBFI4RMK&marketplace=FLIPKART&q=speaker&store=0pm%2F0o7&srno=s_1_17&otracker=search&fm=organic&iid=en_zKL2xEwVuiFbzvCTTGYGe523GP5fJ7nfawYQ2YGmD595l0G4xIjg07Laq2bqpOpKEZQcbE3S3dh4vtad55wp468iqbiwhGf4dwbXVx7ZSks%3D&ppt=pp&ppn=pp&ssid=q1e6hrhbs00000001763207081099&qH=f0dc81a8a980333e
218,Speaker,"SAREGAMA Carvaan Hindi Bluetooth speaker 10 W Bluetooth Speaker  (Oak Wood Brown, Stereo Channel)",4.5★,17067,1560,7490,2% off,https://www.flipkart.com/saregama-carvaan-hindi-bluetooth-speaker-10-w/p/itm8e0022b025d07?pid=ACCFY5U4UQQFMHVF&lid=LSTACCFY5U4UQQFMHVFYFPT3H&marketplace=FLIPKART&q=speaker&store=0pm%2F0o7&srno=s_1_18&otracker=search&fm=organic&iid=en_zKL2xEwVuiFbzvCTTGYGe523GP5fJ7nfawYQ2YGmD5-rbgW1IeEAtASvo90_3Zr5YKp_V23n2KPrMV2fPlohbPKSJvID5C-RdFfAlzwDiqI%3D&ppt=pp&ppn=pp&ssid=q1e6hrhbs00000001763207081099&qH=f0dc81a8a980333e
219,Speaker,"Pharaoh MINI BOOST 3 5W Bluetooth Speaker 5 W Bluetooth Party Speaker  (Multicolor, 5.1 Channel)",3.5★,0,0,399,80% off,https://www.flipkart.com/pharaoh-mini-boost-3-5w-bluetooth-speaker-5-w-party/p/itm8e6b23a828e9b?pid=ACCHH6ACGZZ6MEHR&lid=LSTACCHH6ACGZZ6MEHR5QQWEP&marketplace=FLIPKART&q=speaker&store=0pm%2F0o7&srno=s_1_19&otracker=search&fm=organic&iid=0cfd6e53-8dd8-4156-bfc7-4b49ac211760.ACCHH6ACGZZ6MEHR.SEARCH&ppt=pp&ppn=pp&ssid=q1e6hrhbs00000001763207081099&qH=f0dc81a8a980333e
220,Speaker,"Sulfur Buy Ultra DJ Sound Blast Portable BestSuper deep Bass Wireless Rechargeable 10 W Bluetooth Speaker  (Black, Stereo Channel)",3.8★,17542,961,498,66% off,https://www.flipkart.com/sulfur-buy-ultra-dj-sound-blast-portable-bestsuper-deep-bass-wireless-rechargeable-10-w-bluetooth-speaker/p/itm645621b4bb5fa?pid=ACCG4EZFZ4SCWRRK&lid=LSTACCG4EZFZ4SCWRRK4OX5JN&marketplace=FLIPKART&q=speaker&store=0pm%2F0o7&srno=s_1_20&otracker=search&fm=organic&iid=0cfd6e53-8dd8-4156-bfc7-4b49ac211760.ACCG4EZFZ4SCWRRK.SEARCH&ppt=pp&ppn=pp&ssid=q1e6hrhbs00000001763207081099&qH=f0dc81a8a980333e
221,Speaker,"TRIGGR Roar 12 Portable BT, V5.3, FM Mode, Rubber Finish, 8 Hr Playtime 12 W Bluetooth Speaker  (Midnight Sun, Mono Channel)",4.4★,972,137,799,80% off,https://www.flipkart.com/triggr-roar-12-portable-bt-v5-3-fm-mode-rubber-finish-8-hr-playtime-w-bluetooth-speaker/p/itm46ea6f4ab9d60?pid=ACCHEAX6XGKFKVMF&lid=LSTACCHEAX6XGKFKVMF2POBGG&marketplace=FLIPKART&q=speaker&store=0pm%2F0o7&srno=s_1_21&otracker=search&fm=organic&iid=en_zKL2xEwVuiFbzvCTTGYGe523GP5fJ7nfawYQ2YGmD58Ykd9-b1yIUNzC6MyipalaWES7CsApXWD8UIJNxuNLAMsrgPW5YLzJU0_H6_RHKR0%3D&ppt=pp&ppn=pp&ssid=q1e6hrhbs00000001763207081099&qH=f0dc81a8a980333e
222,Speaker,"Aroma Commander - 20W, Upto 6 Hrs Music Time*,Dynamic Thunder Sound,Heavy bass Drivers 20 W Bluetooth Soundbar  (Midnight Blue, Stereo Channel)",3.8★,420,23,699,80% off,https://www.flipkart.com/aroma-commander-20w-upto-6-hrs-music-time-dynamic-thunder-sound-heavy-bass-drivers-20-w-bluetooth-soundbar/p/itmf55cef032ab55?pid=ACCHEGUEX8ZRDGJE&lid=LSTACCHEGUEX8ZRDGJEZLDZOS&marketplace=FLIPKART&q=speaker&store=0pm%2F0o7&srno=s_1_22&otracker=search&fm=organic&iid=en_zKL2xEwVuiFbzvCTTGYGe523GP5fJ7nfawYQ2YGmD58ZBSu1lfp9G-USo6Q2x72qTJMDaQh1vLp0Sg0uZGi68w%3D%3D&ppt=pp&ppn=pp&ssid=q1e6hrhbs00000001763207081099&qH=f0dc81a8a980333e
223,Speaker,"ZEBRONICS PSPK9 (County) Built-in FM Radio , Aux input 3 W Bluetooth Speaker  (Black, Mono Channel)",4★,77679,6930,549,45% off,https://www.flipkart.com/zebronics-pspk9-county-built-in-fm-radio-aux-input-3-w-bluetooth-speaker/p/itm60db34332d5ee?pid=ACCFKTGTVDTHF7GQ&lid=LSTACCFKTGTVDTHF7GQQQYY5H&marketplace=FLIPKART&q=speaker&store=0pm%2F0o7&srno=s_1_23&otracker=search&fm=organic&iid=0cfd6e53-8dd8-4156-bfc7-4b49ac211760.ACCFKTGTVDTHF7GQ.SEARCH&ppt=pp&ppn=pp&ssid=q1e6hrhbs00000001763207081099&qH=f0dc81a8a980333e
224,Speaker,"Mivi Fort S60 with 2 inBuilt Subwoofers, 3EQ Modes, Remote Ctrl 60 W Bluetooth Soundbar  (Black, 2.2 Channel)",4.3★,46309,6457,1999,71% off,https://www.flipkart.com/mivi-fort-s60-2-inbuilt-subwoofers-3eq-modes-remote-ctrl-60-w-bluetooth-soundbar/p/itm25169429bfb89?pid=ACCGAU6GRGWZCCVQ&lid=LSTACCGAU6GRGWZCCVQXWNBBO&marketplace=FLIPKART&q=speaker&store=0pm%2F0o7&srno=s_1_24&otracker=search&fm=organic&iid=0cfd6e53-8dd8-4156-bfc7-4b49ac211760.ACCGAU6GRGWZCCVQ.SEARCH&ppt=pp&ppn=pp&ssid=q1e6hrhbs00000001763207081099&qH=f0dc81a8a980333e
225,Speaker,"F FERONS Powerpact bass & stereo audio color changIng led Light wireless portable FRK-162 3 W Bluetooth Speaker  (Black, 5.0 Channel)",4★,60235,3801,398,55% off,https://www.flipkart.com/f-ferons-powerpact-bass-stereo-audio-color-changing-led-light-wireless-portable-frk-162-3-w-bluetooth-speaker/p/itmbd8f4beacaa7c?pid=ACCFXC7SHM44YBZJ&lid=LSTACCFXC7SHM44YBZJOR5Q05&marketplace=FLIPKART&q=speaker&store=0pm%2F0o7&srno=s_1_25&otracker=search&fm=organic&iid=0cfd6e53-8dd8-4156-bfc7-4b49ac211760.ACCFXC7SHM44YBZJ.SEARCH&ppt=pp&ppn=pp&ssid=q1e6hrhbs00000001763207081099&qH=f0dc81a8a980333e
226,Gaming,"ASUS TUF Gaming A16 (2025) AMD Ryzen 7 Hexa Core 7445HS - (16 GB/1 TB SSD/Windows 11 Home/6 GB Graphics/NVIDIA GeForce RTX 4050/144 Hz) FA607NUG-RL189WS Gaming Laptop  (16 Inch, Mecha Gray, 2.2 Kg, With MS Office)",4.5★,551,18,89990,21% off,https://www.flipkart.com/asus-tuf-gaming-a16-2025-amd-ryzen-7-hexa-core-7445hs-16-gb-1-tb-ssd-windows-11-home-6-gb-graphics-nvidia-geforce-rtx-4050-144-hz-fa607nug-rl189ws-laptop/p/itmef1df61b648a5?pid=COMHEDHRJYPP8TWD&lid=LSTCOMHEDHRJYPP8TWDXOZKVE&marketplace=FLIPKART&q=gaming+laptop&store=4rr%2Ftz1&srno=s_1_1&otracker=search&fm=organic&iid=1aeae08b-4270-44df-894b-adbeb904ba21.COMHEDHRJYPP8TWD.SEARCH&ppt=pp&ppn=pp&ssid=w1ycvptxu80000001763207266668&qH=da5ee6f53d84b3c2
227,Gaming,"ASUS TUF Gaming A15 (2025) AMD Ryzen 7 Hexa Core 7445HS - (16 GB/512 GB SSD/Windows 11 Home/4 GB Graphics/NVIDIA GeForce RTX 3050/144 Hz) FA506NCG-HN199W Gaming Laptop  (15.6 Inch, Graphite Black, 2.3 Kg)",4.4★,2725,145,68990,17% off,https://www.flipkart.com/asus-tuf-gaming-a15-2025-amd-ryzen-7-hexa-core-7445hs-16-gb-512-gb-ssd-windows-11-home-4-graphics-nvidia-geforce-rtx-3050-144-hz-fa506ncg-hn199w-laptop/p/itmca7ce1e457d2f?pid=COMHEDHRYUAEEEJG&lid=LSTCOMHEDHRYUAEEEJGVUMLP8&marketplace=FLIPKART&q=gaming+laptop&store=4rr%2Ftz1&srno=s_1_2&otracker=search&fm=organic&iid=1aeae08b-4270-44df-894b-adbeb904ba21.COMHEDHRYUAEEEJG.SEARCH&ppt=pp&ppn=pp&ssid=w1ycvptxu80000001763207266668&qH=da5ee6f53d84b3c2
228,Gaming,"Acer Aspire 7 Intel Core i5 13th Gen 13420H - (8 GB/512 GB SSD/Windows 11 Home/4 GB Graphics/NVIDIA GeForce RTX 2050) A715-79G Gaming Laptop  (15.6 Inch, Black, 1.99 Kg)",4.3★,2411,170,52899,33% off,https://www.flipkart.com/acer-aspire-7-intel-core-i5-13th-gen-13420h-8-gb-512-gb-ssd-windows-11-home-4-graphics-nvidia-geforce-rtx-2050-a715-79g-gaming-laptop/p/itm8208102c97f99?pid=COMH3G96CZNHARJZ&lid=LSTCOMH3G96CZNHARJZXFO1SF&marketplace=FLIPKART&q=gaming+laptop&store=4rr%2Ftz1&srno=s_1_3&otracker=search&fm=organic&iid=1aeae08b-4270-44df-894b-adbeb904ba21.COMH3G96CZNHARJZ.SEARCH&ppt=pp&ppn=pp&ssid=w1ycvptxu80000001763207266668&qH=da5ee6f53d84b3c2
229,Gaming,"HP Victus Intel Core i5 12th Gen 12450H - (8 GB/512 GB SSD/Windows 11 Pro/4 GB Graphics/NVIDIA GeForce RTX 2050) 15-fa1312TX Gaming Laptop  (15.6 inch, Mica Silver, 2.3 kg, With MS Office)",4.2★,250,8,64990,13% off,https://www.flipkart.com/hp-victus-intel-core-i5-12th-gen-12450h-8-gb-512-gb-ssd-windows-11-pro-4-graphics-nvidia-geforce-rtx-2050-15-fa1312tx-gaming-laptop/p/itm3ef6fdacff19e?pid=COMHY8KVCDNXVZH4&lid=LSTCOMHY8KVCDNXVZH4ZSXXWG&marketplace=FLIPKART&q=gaming+laptop&store=4rr%2Ftz1&srno=s_1_4&otracker=search&fm=organic&iid=1aeae08b-4270-44df-894b-adbeb904ba21.COMHY8KVCDNXVZH4.SEARCH&ppt=pp&ppn=pp&ssid=w1ycvptxu80000001763207266668&qH=da5ee6f53d84b3c2
230,Gaming,"Acer Nitro V AMD Ryzen 5 Hexa Core 6600H - (16 GB/512 GB SSD/Windows 11 Home/6 GB Graphics/NVIDIA GeForce RTX 3050) ANV15-41-R8G0 Gaming Laptop  (16 inch, Obsidian Black, 2.1 Kg)",4.4★,663,55,57990,46% off,https://www.flipkart.com/acer-nitro-v-amd-ryzen-5-hexa-core-6600h-16-gb-512-gb-ssd-windows-11-home-6-graphics-nvidia-geforce-rtx-3050-anv15-41-r8g0-gaming-laptop/p/itm33a9aedda362e?pid=COMH6C5AMHNHHRUF&lid=LSTCOMH6C5AMHNHHRUFLZBM42&marketplace=FLIPKART&q=gaming+laptop&store=4rr%2Ftz1&srno=s_1_5&otracker=search&fm=organic&iid=1aeae08b-4270-44df-894b-adbeb904ba21.COMH6C5AMHNHHRUF.SEARCH&ppt=pp&ppn=pp&ssid=w1ycvptxu80000001763207266668&qH=da5ee6f53d84b3c2
231,Gaming,"Acer Nitro AMD Ryzen 5 Hexa Core 5600H - (8 GB/1 TB HDD/256 GB SSD/Windows 11 Home/4 GB Graphics/NVIDIA GeForce RTX 3050/144 Hz) AN515-45/AN515-45-R7Z1 Gaming Laptop  (15.6 Inch, Black, 2.4 KG)",4.5★,513,72,56990,36% off,https://www.flipkart.com/acer-nitro-amd-ryzen-5-hexa-core-5600h-8-gb-1-tb-hdd-256-gb-ssd-windows-11-home-4-graphics-nvidia-geforce-rtx-3050-144-hz-an515-45-an515-45-r7z1-gaming-laptop/p/itm5dfe2f652c536?pid=COMG49GT972GJXQ7&lid=LSTCOMG49GT972GJXQ7HEAOBR&marketplace=FLIPKART&q=gaming+laptop&store=4rr%2Ftz1&srno=s_1_6&otracker=search&fm=organic&iid=1aeae08b-4270-44df-894b-adbeb904ba21.COMG49GT972GJXQ7.SEARCH&ppt=pp&ppn=pp&ssid=w1ycvptxu80000001763207266668&qH=da5ee6f53d84b3c2
232,Gaming,"MSI Thin A15 AMD Ryzen 5 Hexa Core 7535HS - (16 GB/512 GB SSD/Windows 11 Home/4 GB Graphics/NVIDIA GeForce RTX 3050/144 Hz) Thin A15 B7UC-284IN / Thin A15 B7UC-102IN Gaming Laptop  (15.6 Inch, Cosmos Gray, 1.86 Kg)",4.4★,208,23,56990,27% off,https://www.flipkart.com/msi-thin-a15-amd-ryzen-5-hexa-core-7535hs-16-gb-512-gb-ssd-windows-11-home-4-graphics-nvidia-geforce-rtx-3050-144-hz-b7uc-284in-b7uc-102in-gaming-laptop/p/itm61400c2ed6802?pid=COMGXMSXNZSJERHE&lid=LSTCOMGXMSXNZSJERHELUC5TJ&marketplace=FLIPKART&q=gaming+laptop&store=4rr%2Ftz1&srno=s_1_7&otracker=search&fm=organic&iid=1aeae08b-4270-44df-894b-adbeb904ba21.COMGXMSXNZSJERHE.SEARCH&ppt=pp&ppn=pp&ssid=w1ycvptxu80000001763207266668&qH=da5ee6f53d84b3c2
233,Gaming,"GIGABYTE G Series Intel Core i7 13th Gen 13620H - (16 GB/1 TB SSD/Windows 11 Home/8 GB Graphics/NVIDIA GeForce RTX 4060) G6 KF-H3IN894KH Gaming Laptop  (16 Inch, Black, 2.3 Kg)",4.6★,89,14,97420,39% off,https://www.flipkart.com/gigabyte-g-series-intel-core-i7-13th-gen-13620h-16-gb-1-tb-ssd-windows-11-home-8-gb-graphics-nvidia-geforce-rtx-4060-g6-kf-h3in894kh-gaming-laptop/p/itm44bf88efbb65c?pid=COMHDNKSYZZHZVT8&lid=LSTCOMHDNKSYZZHZVT8A05NJC&marketplace=FLIPKART&q=gaming+laptop&store=4rr%2Ftz1&srno=s_1_8&otracker=search&fm=organic&iid=1aeae08b-4270-44df-894b-adbeb904ba21.COMHDNKSYZZHZVT8.SEARCH&ppt=pp&ppn=pp&ssid=w1ycvptxu80000001763207266668&qH=da5ee6f53d84b3c2
234,Gaming,"ASUS TUF Gaming A15 AMD Ryzen 7 Hexa Core 7435HS - (16 GB/512 GB SSD/Windows 11 Home/6 GB Graphics/NVIDIA GeForce RTX 4050) FA507NUR-LP082W Gaming Laptop  (15.6 Inch, Mecha Gray, 2.20 Kg)",4.5★,551,18,83990,22% off,https://www.flipkart.com/asus-tuf-gaming-a15-amd-ryzen-7-hexa-core-7435hs-16-gb-512-gb-ssd-windows-11-home-6-graphics-nvidia-geforce-rtx-4050-fa507nur-lp082w-laptop/p/itmc6ca6f861b082?pid=COMH2XBQSRKDXZMC&lid=LSTCOMH2XBQSRKDXZMCIHNGPM&marketplace=FLIPKART&q=gaming+laptop&store=4rr%2Ftz1&srno=s_1_9&otracker=search&fm=organic&iid=1aeae08b-4270-44df-894b-adbeb904ba21.COMH2XBQSRKDXZMC.SEARCH&ppt=pp&ppn=pp&ssid=w1ycvptxu80000001763207266668&qH=da5ee6f53d84b3c2
235,Gaming,"HP Victus Intel Core i5 13th Gen 13420H - (16 GB/512 GB SSD/Windows 11 Home/6 GB Graphics/NVIDIA GeForce RTX 3050/144 Hz) 15-fa2700TX Gaming Laptop  (15.6 inch, Mica Silver, 2.29 Kg, With MS Office)",4.2★,670,34,73990,26% off,https://www.flipkart.com/hp-victus-intel-core-i5-13th-gen-13420h-16-gb-512-gb-ssd-windows-11-home-6-graphics-nvidia-geforce-rtx-3050-144-hz-15-fa2700tx-gaming-laptop/p/itme78f3d1eccc64?pid=COMH8VXVWNPAZCSX&lid=LSTCOMH8VXVWNPAZCSX2Q0ZXU&marketplace=FLIPKART&q=gaming+laptop&store=4rr%2Ftz1&srno=s_1_10&otracker=search&fm=organic&iid=1aeae08b-4270-44df-894b-adbeb904ba21.COMH8VXVWNPAZCSX.SEARCH&ppt=pp&ppn=pp&ssid=w1ycvptxu80000001763207266668&qH=da5ee6f53d84b3c2
236,Gaming,"MSI Titan 18 HX AI Intel Core Ultra 9 285HX - (64 GB/6 TB SSD/Windows 11 Home/24 GB Graphics/NVIDIA GeForce RTX 5090) Titan 18 HX AI A2XWJG-486IN Gaming Laptop  (18 Inch, Core Black, 3.6 Kg)",4.2★,0,0,612990,7% off,https://www.flipkart.com/msi-titan-18-hx-ai-intel-core-ultra-9-285hx-64-gb-6-tb-ssd-windows-11-home-24-gb-graphics-nvidia-geforce-rtx-5090-a2xwjg-486in-gaming-laptop/p/itm0fa61483c81bf?pid=COMHAVRSPGPYWFSR&lid=LSTCOMHAVRSPGPYWFSRTRZEDX&marketplace=FLIPKART&q=gaming+laptop&store=4rr%2Ftz1&srno=s_1_11&otracker=search&fm=organic&iid=1aeae08b-4270-44df-894b-adbeb904ba21.COMHAVRSPGPYWFSR.SEARCH&ppt=pp&ppn=pp&ssid=w1ycvptxu80000001763207266668&qH=da5ee6f53d84b3c2
237,Gaming,"HP Victus AMD Ryzen 7 Hexa Core 7445HS - (16 GB/512 GB SSD/Windows 11 Home/4 GB Graphics/NVIDIA GeForce RTX 2050) 15-fb3122AX Gaming Laptop  (15.6 Inch, Performance Blue, Chrome Logo, 2.29 Kg, With MS Office)",4.4★,550,33,63990,16% off,https://www.flipkart.com/hp-victus-amd-ryzen-7-hexa-core-7445hs-16-gb-512-gb-ssd-windows-11-home-4-graphics-nvidia-geforce-rtx-2050-15-fb3122ax-gaming-laptop/p/itm7389a8b4c5a14?pid=COMHDWKFZGHSYR59&lid=LSTCOMHDWKFZGHSYR596O3OXQ&marketplace=FLIPKART&q=gaming+laptop&store=4rr%2Ftz1&srno=s_1_12&otracker=search&fm=organic&iid=1aeae08b-4270-44df-894b-adbeb904ba21.COMHDWKFZGHSYR59.SEARCH&ppt=pp&ppn=pp&ssid=w1ycvptxu80000001763207266668&qH=da5ee6f53d84b3c2
238,Gaming,"GIGABYTE G6X 9MG-42IN854SH Intel Core i7 13th Gen 13650HX - (16 GB/1 TB SSD/Windows 11 Home/6 GB Graphics/NVIDIA GeForce RTX 4050/165 Hz) G6X 9MG-42IN854SH Gaming Laptop  (16 inch, Gunmetal Gray, 2.5 Kg)",4.1★,43,7,170000,10% off,https://www.flipkart.com/gigabyte-g6x-9mg-42in854sh-intel-core-i7-13th-gen-13650hx-16-gb-1-tb-ssd-windows-11-home-6-gb-graphics-nvidia-geforce-rtx-4050-165-hz-gaming-laptop/p/itm5d95bee43ee2e?pid=COMH7JU4J82NT7PX&lid=LSTCOMH7JU4J82NT7PXTYJX52&marketplace=FLIPKART&q=gaming+laptop&store=4rr%2Ftz1&srno=s_1_13&otracker=search&fm=organic&iid=1aeae08b-4270-44df-894b-adbeb904ba21.COMH7JU4J82NT7PX.SEARCH&ppt=pp&ppn=pp&ssid=w1ycvptxu80000001763207266668&qH=da5ee6f53d84b3c2
239,Gaming,"GIGABYTE G5 MF5-H2IN354SH Intel Core i7 13th Gen 13420H - (16 GB/1 TB SSD/Windows 11 Home/6 GB Graphics/NVIDIA GeForce RTX NVIDIA GeForce RTX4050 Laptop GPU 6GB GDDR6/144 Hz) G5 MF5-H2IN354SH Gaming Laptop  (15.6 inch, Black, 2.08 Kg)",4.7★,7,1,71399,55% off,https://www.flipkart.com/gigabyte-g5-mf5-h2in354sh-intel-core-i7-13th-gen-13420h-16-gb-1-tb-ssd-windows-11-home-6-gb-graphics-nvidia-geforce-rtx-nvidia-rtx4050-laptop-gpu-6gb-gddr6-144-hz-gaming/p/itm96215171e47f1?pid=COMH7JU4VUPJWHQA&lid=LSTCOMH7JU4VUPJWHQANLDSPF&marketplace=FLIPKART&q=gaming+laptop&store=4rr%2Ftz1&srno=s_1_14&otracker=search&fm=organic&iid=1aeae08b-4270-44df-894b-adbeb904ba21.COMH7JU4VUPJWHQA.SEARCH&ppt=pp&ppn=pp&ssid=w1ycvptxu80000001763207266668&qH=da5ee6f53d84b3c2
240,Gaming,"Lenovo LOQ Essential Intel Core i5 12th Gen 12450HX - (16 GB/512 GB SSD/Windows 11 Home/4 GB Graphics/NVIDIA GeForce RTX 3050A) 15IAX9E Gaming Laptop  (15.6 inch, Luna Grey, 1.77 kg, With MS Office)",3.9★,183,15,63990,14% off,https://www.flipkart.com/lenovo-loq-essential-intel-core-i5-12th-gen-12450hx-16-gb-512-gb-ssd-windows-11-home-4-graphics-nvidia-geforce-rtx-3050a-15iax9e-gaming-laptop/p/itmacfed35f4d675?pid=COMHBZVGW9HTAB8P&lid=LSTCOMHBZVGW9HTAB8PATFXUU&marketplace=FLIPKART&q=gaming+laptop&store=4rr%2Ftz1&srno=s_1_15&otracker=search&fm=organic&iid=1aeae08b-4270-44df-894b-adbeb904ba21.COMHBZVGW9HTAB8P.SEARCH&ppt=pp&ppn=pp&ssid=w1ycvptxu80000001763207266668&qH=da5ee6f53d84b3c2
241,Gaming,"GIGABYTE G5 KF5-H3IN353KH Intel Core i7 13th Gen G Series - (16 GB/512 GB SSD/Windows 11 Home/8 GB Graphics/NVIDIA GeForce RTX NVIDIA GeForce RTX4060 Laptop GPU 8GB GDDR6/144 Hz) G5 KF5-H3IN353KH Gaming Laptop  (15.6 inch, Black, 2.08 Kg)",4.1★,18,3,159000,0%,https://www.flipkart.com/gigabyte-g5-kf5-h3in353kh-intel-core-i7-13th-gen-g-series-16-gb-512-gb-ssd-windows-11-home-8-graphics-nvidia-geforce-rtx-nvidia-rtx4060-laptop-gpu-8gb-gddr6-144-hz-gaming/p/itm4f8517d4fe203?pid=COMH7JU46QCGPG4Q&lid=LSTCOMH7JU46QCGPG4QGGUHUI&marketplace=FLIPKART&q=gaming+laptop&store=4rr%2Ftz1&srno=s_1_16&otracker=search&fm=organic&iid=1aeae08b-4270-44df-894b-adbeb904ba21.COMH7JU46QCGPG4Q.SEARCH&ppt=pp&ppn=pp&ssid=w1ycvptxu80000001763207266668&qH=da5ee6f53d84b3c2
242,Gaming,"HP Victus AMD Ryzen 7 Octa Core 260 - (24 GB/1 TB SSD/Windows 11 Home/8 GB Graphics/NVIDIA GeForce RTX 5050) 15-fb3185AX Gaming Laptop  (15.6 Inch, Mica Silver, Black Chrome Logo, 2.29 Kg, With MS Office)",4.5★,157,15,99990,17% off,https://www.flipkart.com/hp-victus-amd-ryzen-7-octa-core-260-24-gb-1-tb-ssd-windows-11-home-8-gb-graphics-nvidia-geforce-rtx-5050-15-fb3185ax-gaming-laptop/p/itm08bbf58218363?pid=COMHDZVEE22P67WR&lid=LSTCOMHDZVEE22P67WR32U1SH&marketplace=FLIPKART&q=gaming+laptop&store=4rr%2Ftz1&srno=s_1_17&otracker=search&fm=organic&iid=1aeae08b-4270-44df-894b-adbeb904ba21.COMHDZVEE22P67WR.SEARCH&ppt=pp&ppn=pp&ssid=w1ycvptxu80000001763207266668&qH=da5ee6f53d84b3c2
243,Gaming,"ASUS ROG Strix G16 (2025) with Office 2024 + M365 Basic* Intel Core Ultra 9 275HX - (16 GB/1 TB SSD/Windows 11 Home/8 GB Graphics/NVIDIA GeForce RTX 5060/240 Hz) G615LM-S5128WS Gaming Laptop  (16 inch, Eclipse Gray, 2.65 Kg, With MS Office)",4.8★,15,0,184990,18% off,https://www.flipkart.com/asus-rog-strix-g16-2025-office-2024-m365-basic-intel-core-ultra-9-275hx-16-gb-1-tb-ssd-windows-11-home-8-gb-graphics-nvidia-geforce-rtx-5060-240-hz-g615lm-s5128ws-gaming-laptop/p/itm9486b8549da35?pid=COMHCQ4KMQUGFQBG&lid=LSTCOMHCQ4KMQUGFQBGXRLSMQ&marketplace=FLIPKART&q=gaming+laptop&store=4rr%2Ftz1&srno=s_1_18&otracker=search&fm=organic&iid=1aeae08b-4270-44df-894b-adbeb904ba21.COMHCQ4KMQUGFQBG.SEARCH&ppt=pp&ppn=pp&ssid=w1ycvptxu80000001763207266668&qH=da5ee6f53d84b3c2
244,Gaming,"ASUS TUF Gaming A15 (2025) AMD Ryzen 7 Hexa Core 7445HS - (16 GB/1 TB SSD/Windows 11 Home/4 GB Graphics/NVIDIA GeForce RTX 3050/144 Hz) FA506NCG-HN249W Gaming Laptop  (15.6 Inch, Graphite Black, 2.3 Kg)",4.4★,2725,145,72990,17% off,https://www.flipkart.com/asus-tuf-gaming-a15-2025-amd-ryzen-7-hexa-core-7445hs-16-gb-1-tb-ssd-windows-11-home-4-gb-graphics-nvidia-geforce-rtx-3050-144-hz-fa506ncg-hn249w-laptop/p/itma80161587da66?pid=COMHEDHR94YX4FNR&lid=LSTCOMHEDHR94YX4FNR1WW5TT&marketplace=FLIPKART&q=gaming+laptop&store=4rr%2Ftz1&srno=s_1_19&otracker=search&fm=organic&iid=1aeae08b-4270-44df-894b-adbeb904ba21.COMHEDHR94YX4FNR.SEARCH&ppt=pp&ppn=pp&ssid=w1ycvptxu80000001763207266668&qH=da5ee6f53d84b3c2
245,Gaming,"Acer Aspire 7 Intel Core i5 12th Gen 1240P - (8 GB/512 GB SSD/Windows 11 Home/4 GB Graphics/NVIDIA GeForce GTX 1650) A715-51G, A715-51G-527C Gaming Laptop  (15.6 inch, Black, 2.1 Kg)",4.3★,3275,354,51990,42% off,https://www.flipkart.com/acer-aspire-7-intel-core-i5-12th-gen-1240p-8-gb-512-gb-ssd-windows-11-home-4-graphics-nvidia-geforce-gtx-1650-a715-51g-a715-51g-527c-gaming-laptop/p/itmd57f25c89d62e?pid=COMGF33NW6RSYXWJ&lid=LSTCOMGF33NW6RSYXWJN4E7VV&marketplace=FLIPKART&q=gaming+laptop&store=4rr%2Ftz1&srno=s_1_20&otracker=search&fm=organic&iid=1aeae08b-4270-44df-894b-adbeb904ba21.COMGF33NW6RSYXWJ.SEARCH&ppt=pp&ppn=pp&ssid=w1ycvptxu80000001763207266668&qH=da5ee6f53d84b3c2
246,Gaming,"Acer Aspire 5 gaming Intel Core i5 12th Gen 1240P - (8 GB/512 GB SSD/Windows 11 Home/4 GB Graphics/NVIDIA GeForce RTX RTX 2050) A515-57G Gaming Laptop  (15.6 inch, Steel Gray, 1.8 Kg)",4.1★,68,6,57999,34% off,https://www.flipkart.com/acer-aspire-5-gaming-intel-core-i5-12th-gen-1240p-8-gb-512-gb-ssd-windows-11-home-4-graphics-nvidia-geforce-rtx-2050-a515-57g-laptop/p/itmc94e7cd480aba?pid=COMGFSNU8VEAMFYR&lid=LSTCOMGFSNU8VEAMFYRSOMUII&marketplace=FLIPKART&q=gaming+laptop&store=4rr%2Ftz1&srno=s_1_21&otracker=search&fm=organic&iid=1aeae08b-4270-44df-894b-adbeb904ba21.COMGFSNU8VEAMFYR.SEARCH&ppt=pp&ppn=pp&ssid=w1ycvptxu80000001763207266668&qH=da5ee6f53d84b3c2
247,Gaming,"Lenovo LOQ Intel Core i5 13th Gen 13450HX - (16 GB/512 GB SSD/Windows 11 Home/6 GB Graphics/NVIDIA GeForce RTX 3050) LOQ 15IRX9D2 Gaming Laptop  (15.6 Inch, Luna Grey, 2.38 kg, With MS Office)",4.3★,2424,186,79275,24% off,https://www.flipkart.com/lenovo-loq-intel-core-i5-13th-gen-13450hx-16-gb-512-gb-ssd-windows-11-home-6-graphics-nvidia-geforce-rtx-3050-15irx9d2-gaming-laptop/p/itm4a19730d181b4?pid=COMGYSFGHPSWGZSV&lid=LSTCOMGYSFGHPSWGZSVIRQIWQ&marketplace=FLIPKART&q=gaming+laptop&store=4rr%2Ftz1&srno=s_1_22&otracker=search&fm=organic&iid=1aeae08b-4270-44df-894b-adbeb904ba21.COMGYSFGHPSWGZSV.SEARCH&ppt=pp&ppn=pp&ssid=w1ycvptxu80000001763207266668&qH=da5ee6f53d84b3c2
248,Gaming,"Acer Aspire 7 Intel Core i7 13th Gen 13620H - (16 GB/512 GB SSD/Windows 11 Home/6 GB Graphics/NVIDIA GeForce RTX 3050/144 Hz) A715-79G Gaming Laptop  (15.6 Inch, Flame Black, 1.99 kg)",4.3★,272,23,69990,30% off,https://www.flipkart.com/acer-aspire-7-intel-core-i7-13th-gen-13620h-16-gb-512-gb-ssd-windows-11-home-6-graphics-nvidia-geforce-rtx-3050-144-hz-a715-79g-gaming-laptop/p/itm0f412dd7943ad?pid=COMHD5WWFAGFXGN2&lid=LSTCOMHD5WWFAGFXGN2GWZ7AB&marketplace=FLIPKART&q=gaming+laptop&store=4rr%2Ftz1&srno=s_1_23&otracker=search&fm=organic&iid=1aeae08b-4270-44df-894b-adbeb904ba21.COMHD5WWFAGFXGN2.SEARCH&ppt=pp&ppn=pp&ssid=w1ycvptxu80000001763207266668&qH=da5ee6f53d84b3c2
249,Gaming,"Acer Aspire 7 AMD Ryzen 5 Quad Core 3550H - (8 GB/512 GB SSD/Windows 11 Home/4 GB Graphics/NVIDIA GeForce GTX 1650/60 Hz) A715-41G-R6S8 Gaming Laptop  (15.6 inch, Charcoal Black, 2.15 kg)",4.4★,6498,1033,49899,31% off,https://www.flipkart.com/acer-aspire-7-amd-ryzen-5-quad-core-3550h-8-gb-512-gb-ssd-windows-11-home-4-graphics-nvidia-geforce-gtx-1650-60-hz-a715-41g-r6s8-gaming-laptop/p/itm46034d1af5b73?pid=COMFUUJGMZCNJDZH&lid=LSTCOMFUUJGMZCNJDZHNLQFJE&marketplace=FLIPKART&q=gaming+laptop&store=4rr%2Ftz1&spotlightTagId=default_TrendingId_4rr%2Ftz1&srno=s_1_24&otracker=search&fm=organic&iid=1aeae08b-4270-44df-894b-adbeb904ba21.COMFUUJGMZCNJDZH.SEARCH&ppt=sp&ppn=sp&ssid=w1ycvptxu80000001763207266668&qH=da5ee6f53d84b3c2
250,Gaming,"Acer Nitro AMD Ryzen 5 Hexa Core 5600H - (8 GB/1 TB HDD/256 GB SSD/Windows 11 Home/4 GB Graphics/NVIDIA GeForce RTX 3050/144 Hz) AN515-45/AN515-45-R7Z1 Gaming Laptop  (15.6 Inch, Black, 2.4 KG)",4.5★,513,72,56990,36% off,https://www.flipkart.com/acer-nitro-amd-ryzen-5-hexa-core-5600h-8-gb-1-tb-hdd-256-gb-ssd-windows-11-home-4-graphics-nvidia-geforce-rtx-3050-144-hz-an515-45-an515-45-r7z1-gaming-laptop/p/itm5dfe2f652c536?pid=COMG49GT972GJXQ7&marketplace=FLIPKART
251,Refrigerator,"Samsung 183 L Direct Cool Single Door 5 Star Refrigerator with Base Drawer  with Digital Inverter  (Himalaya Poppy Blue, RR20D2825HV/NL)",4.5★,102625,6259,16240,29% off,https://www.flipkart.com/samsung-183-l-direct-cool-single-door-5-star-refrigerator-base-drawer-digital-inverter/p/itm2bae2ad2801e8?pid=RFRGW5UPKHNTW67W&lid=LSTRFRGW5UPKHNTW67WEWC2ND&marketplace=FLIPKART&q=refrigerator&store=j9e%2Fabm%2Fhzg&srno=s_1_1&otracker=search&fm=organic&iid=en_dW1YBMgF7jtlsjWAiWbDtPcqh6OSDCnIzu5flUSEHHq2O11qyN2rGsdRf7sIq1TGMuGlmJulZ9jQE7EiPP1BS_UFjCTyOHoHZs-Z5_PS_w0%3D&ppt=pp&ppn=pp&ssid=vprn8h0i0w0000001763207456796&qH=945c050322f005b6
252,Refrigerator,"Samsung 183 L Direct Cool Single Door 5 Star Refrigerator with Base Drawer  with Digital Inverter  (Himalaya Poppy Red, RR20D2825HN/NL)",4.5★,102625,6259,16990,26% off,https://www.flipkart.com/samsung-183-l-direct-cool-single-door-5-star-refrigerator-base-drawer-digital-inverter/p/itm2b614c980a0e3?pid=RFRGW5UPYV7K4WRA&lid=LSTRFRGW5UPYV7K4WRAHSACUD&marketplace=FLIPKART&q=refrigerator&store=j9e%2Fabm%2Fhzg&srno=s_1_2&otracker=search&fm=organic&iid=en_dW1YBMgF7jtlsjWAiWbDtPcqh6OSDCnIzu5flUSEHHoMGHAXfIKslrzTafZsGsVbUpQcYImY0sXU__RdRF6uZPUFjCTyOHoHZs-Z5_PS_w0%3D&ppt=pp&ppn=pp&ssid=vprn8h0i0w0000001763207456796&qH=945c050322f005b6
253,Refrigerator,"Samsung 236 L Frost Free Double Door 3 Star Convertible Refrigerator  with Digital Inverter and Display  (Elegant Inox, RT28C3733S8/HL)",4.4★,32162,2146,25490,37% off,https://www.flipkart.com/samsung-236-l-frost-free-double-door-3-star-convertible-refrigerator-digital-inverter-display/p/itm5d34d4279e9f1?pid=RFRGPHMKVNFYGACW&lid=LSTRFRGPHMKVNFYGACWU4MR25&marketplace=FLIPKART&q=refrigerator&store=j9e%2Fabm%2Fhzg&srno=s_1_3&otracker=search&fm=organic&iid=a162a45c-5c4a-45b9-9da3-ba54cf702795.RFRGPHMKVNFYGACW.SEARCH&ppt=pp&ppn=pp&ssid=vprn8h0i0w0000001763207456796&qH=945c050322f005b6
254,Refrigerator,"Samsung 223 L Direct Cool Single Door 3 Star Refrigerator  with Digital Inverter  (Elegant Inox, RR24C2723S8/NL)",4.4★,4689,343,17990,25% off,https://www.flipkart.com/samsung-223-l-direct-cool-single-door-3-star-refrigerator-digital-inverter/p/itmb087e79d30bea?pid=RFRGNHK6PGY8S3NG&lid=LSTRFRGNHK6PGY8S3NGUJ3LLO&marketplace=FLIPKART&q=refrigerator&store=j9e%2Fabm%2Fhzg&spotlightTagId=default_FkPickId_j9e%2Fabm%2Fhzg&srno=s_1_4&otracker=search&fm=organic&iid=a162a45c-5c4a-45b9-9da3-ba54cf702795.RFRGNHK6PGY8S3NG.SEARCH&ppt=pp&ppn=pp&ssid=vprn8h0i0w0000001763207456796&qH=945c050322f005b6
255,Refrigerator,"Haier 190 L Direct Cool Single Door 2 Star Refrigerator  with Large Storage Space1 Hour Icing Technology  (Marine Noisettes, HED-202MN-P)",4.3★,15374,970,12490,39% off,https://www.flipkart.com/haier-190-l-direct-cool-single-door-2-star-refrigerator-large-storage-space1-hour-icing-technology/p/itm6772414b3678a?pid=RFRGWU8AWRGCADH6&lid=LSTRFRGWU8AWRGCADH6A20UKX&marketplace=FLIPKART&q=refrigerator&store=j9e%2Fabm%2Fhzg&srno=s_1_5&otracker=search&fm=organic&iid=a162a45c-5c4a-45b9-9da3-ba54cf702795.RFRGWU8AWRGCADH6.SEARCH&ppt=pp&ppn=pp&ssid=vprn8h0i0w0000001763207456796&qH=945c050322f005b6
256,Refrigerator,"Samsung 189 L Direct Cool Single Door 5 Star Refrigerator with Base Drawer  with Digital Inverter  (Paradise Bloom Blue, RR21D2H259U/HL)",4.5★,23284,1472,17790,19% off,https://www.flipkart.com/samsung-189-l-direct-cool-single-door-5-star-refrigerator-base-drawer-digital-inverter/p/itm0989ee11525f6?pid=RFRGW5UP9EGDGBXV&lid=LSTRFRGW5UP9EGDGBXVZNS4LY&marketplace=FLIPKART&q=refrigerator&store=j9e%2Fabm%2Fhzg&srno=s_1_6&otracker=search&fm=organic&iid=a162a45c-5c4a-45b9-9da3-ba54cf702795.RFRGW5UP9EGDGBXV.SEARCH&ppt=pp&ppn=pp&ssid=vprn8h0i0w0000001763207456796&qH=945c050322f005b6
257,Refrigerator,"Samsung 183 L Direct Cool Single Door 4 Star Refrigerator with Base Drawer  with Digital Inverter  (Camellia Purple, RR20C1824CR/HL)",4.5★,102625,6259,15790,31% off,https://www.flipkart.com/samsung-183-l-direct-cool-single-door-4-star-refrigerator-base-drawer-digital-inverter/p/itmff9626696387c?pid=RFRGHJPXZBG6Z7XY&lid=LSTRFRGHJPXZBG6Z7XYLWPRXX&marketplace=FLIPKART&q=refrigerator&store=j9e%2Fabm%2Fhzg&srno=s_1_7&otracker=search&fm=organic&iid=a162a45c-5c4a-45b9-9da3-ba54cf702795.RFRGHJPXZBG6Z7XY.SEARCH&ppt=pp&ppn=pp&ssid=vprn8h0i0w0000001763207456796&qH=945c050322f005b6
258,Refrigerator,"Samsung 550 L Frost Free Side by Side Convertible Refrigerator  with Digital Inverter  (Refined Inox, RF57A5032S9/TL)",4.3★,4147,280,67990,22% off,https://www.flipkart.com/samsung-550-l-frost-free-side-convertible-refrigerator-digital-inverter/p/itm7119d81e6ee66?pid=RFRG2H9AHCYGVGSB&lid=LSTRFRG2H9AHCYGVGSBLBGM9L&marketplace=FLIPKART&q=refrigerator&store=j9e%2Fabm%2Fhzg&srno=s_1_8&otracker=search&fm=organic&iid=en_dW1YBMgF7jtlsjWAiWbDtPcqh6OSDCnIzu5flUSEHHonREJTQd1ZICp6wBiHWpG6KWk1KNbPVZ06yz69hwRgqn3Gaq_wzx4HJysDmGalzMk%3D&ppt=pp&ppn=pp&ssid=vprn8h0i0w0000001763207456796&qH=945c050322f005b6
259,Refrigerator,"Samsung 183 L Direct Cool Single Door 4 Star Refrigerator  with Digital Inverter  (Camellia Blue, RR20C1724CU/HL)",4.4★,12413,828,14790,32% off,https://www.flipkart.com/samsung-183-l-direct-cool-single-door-4-star-refrigerator-digital-inverter/p/itmfff1e0ec93227?pid=RFRGHJPXXYYV3V2B&lid=LSTRFRGHJPXXYYV3V2BJFFHPS&marketplace=FLIPKART&q=refrigerator&store=j9e%2Fabm%2Fhzg&srno=s_1_9&otracker=search&fm=organic&iid=a162a45c-5c4a-45b9-9da3-ba54cf702795.RFRGHJPXXYYV3V2B.SEARCH&ppt=pp&ppn=pp&ssid=vprn8h0i0w0000001763207456796&qH=945c050322f005b6
260,Refrigerator,"Haier 185 L Direct Cool Single Door 2 Star Refrigerator  with DEFT TechnologyLarge Vegetable Box  (Moon silver, HED-19TMS-N)",4.3★,15374,970,12190,28% off,https://www.flipkart.com/haier-185-l-direct-cool-single-door-2-star-refrigerator-deft-technologylarge-vegetable-box/p/itm2598986f09229?pid=RFRGWU8AFDEZQSHY&lid=LSTRFRGWU8AFDEZQSHYBT739K&marketplace=FLIPKART&q=refrigerator&store=j9e%2Fabm%2Fhzg&srno=s_1_10&otracker=search&fm=organic&iid=a162a45c-5c4a-45b9-9da3-ba54cf702795.RFRGWU8AFDEZQSHY.SEARCH&ppt=pp&ppn=pp&ssid=vprn8h0i0w0000001763207456796&qH=945c050322f005b6
261,Refrigerator,"Samsung 330 L Frost Free Double Door 2 Star Convertible Refrigerator  with 5-in-1, Digital Inverter, WiFi Enabled Bespoke AI  (Ez Clean Steel, RT34DG5A2BSLHL)",4.2★,14535,984,35990,34% off,https://www.flipkart.com/samsung-330-l-frost-free-double-door-2-star-convertible-refrigerator-5-in-1-digital-inverter-wifi-enabled-bespoke-ai/p/itm30fa72c085540?pid=RFRH7GGBF5GCGNXP&lid=LSTRFRH7GGBF5GCGNXP6MIZL6&marketplace=FLIPKART&q=refrigerator&store=j9e%2Fabm%2Fhzg&srno=s_1_11&otracker=search&fm=organic&iid=en_dW1YBMgF7jtlsjWAiWbDtPcqh6OSDCnIzu5flUSEHHqqqvutXRZIExofvcuJaEOQ2oGtynn3Zkz2KpZ9vXNaT-vN4Mn-dv-pi277bRzMbnY%3D&ppt=pp&ppn=pp&ssid=vprn8h0i0w0000001763207456796&qH=945c050322f005b6
262,Refrigerator,"Samsung 215 L Direct Cool Single Door 5 Star Refrigerator  with Digital Inverter  (Paradise Bloom Blue, RR23D2H359U/HL)",4.4★,20966,1589,19990,35% off,https://www.flipkart.com/samsung-215-l-direct-cool-single-door-5-star-refrigerator-digital-inverter/p/itm724f922c6cb47?pid=RFRGW5UP8CBG3A3E&lid=LSTRFRGW5UP8CBG3A3E6WDUYS&marketplace=FLIPKART&q=refrigerator&store=j9e%2Fabm%2Fhzg&srno=s_1_12&otracker=search&fm=organic&iid=en_dW1YBMgF7jtlsjWAiWbDtPcqh6OSDCnIzu5flUSEHHqCz_zrvD325E4vIsaHghUdQAqnncZb5-FIkYkN-6pS1khz9c-MSIoFe8xMxkfU6dM%3D&ppt=pp&ppn=pp&ssid=vprn8h0i0w0000001763207456796&qH=945c050322f005b6
263,Refrigerator,"Godrej 180 L Direct Cool Single Door 2 Star Refrigerator  with Jumbo Vegetable Tray And Wide Shelf Space  (Pep Blue, RD EDGE 205B WRF PP BL)",4.3★,15433,796,11990,31% off,https://www.flipkart.com/godrej-180-l-direct-cool-single-door-2-star-refrigerator-jumbo-vegetable-tray-wide-shelf-space/p/itmc2b5e13b2c2f8?pid=RFRGHRGHY2DYW3ES&lid=LSTRFRGHRGHY2DYW3ESH9LEQH&marketplace=FLIPKART&q=refrigerator&store=j9e%2Fabm%2Fhzg&srno=s_1_13&otracker=search&fm=organic&iid=a162a45c-5c4a-45b9-9da3-ba54cf702795.RFRGHRGHY2DYW3ES.SEARCH&ppt=pp&ppn=pp&ssid=vprn8h0i0w0000001763207456796&qH=945c050322f005b6
264,Refrigerator,"Samsung 189 L Direct Cool Single Door 5 Star Refrigerator with Base Drawer  with Digital Inverter  (Paradise Bloom Purple, RR21D2H259R/HL)",4.5★,23284,1472,17790,19% off,https://www.flipkart.com/samsung-189-l-direct-cool-single-door-5-star-refrigerator-base-drawer-digital-inverter/p/itm8a2ba13a934c0?pid=RFRGW5UP8XX8H3VF&lid=LSTRFRGW5UP8XX8H3VF7V3LHX&marketplace=FLIPKART&q=refrigerator&store=j9e%2Fabm%2Fhzg&srno=s_1_14&otracker=search&fm=organic&iid=en_dW1YBMgF7jtlsjWAiWbDtPcqh6OSDCnIzu5flUSEHHqRlbaGk3Uz5f_DLAkR_Ti-jU0AZfdVpEgIQdE9tx674_KSJvID5C-RdFfAlzwDiqI%3D&ppt=pp&ppn=pp&ssid=vprn8h0i0w0000001763207456796&qH=945c050322f005b6
265,Refrigerator,"Whirlpool 184 L Direct Cool Single Door 2 Star Refrigerator  (Solid Blue / Blue, 205 WDE CLS 2S SAPPHIRE BLUE-Z)",4.3★,19781,1019,11790,24% off,https://www.flipkart.com/whirlpool-184-l-direct-cool-single-door-2-star-refrigerator/p/itm19c3f8212ab7d?pid=RFRGHRHHVGHG2RHF&lid=LSTRFRGHRHHVGHG2RHFXUYCTW&marketplace=FLIPKART&q=refrigerator&store=j9e%2Fabm%2Fhzg&srno=s_1_15&otracker=search&fm=organic&iid=a162a45c-5c4a-45b9-9da3-ba54cf702795.RFRGHRHHVGHG2RHF.SEARCH&ppt=pp&ppn=pp&ssid=vprn8h0i0w0000001763207456796&qH=945c050322f005b6
266,Refrigerator,"realme TechLife 233 L Frost Free Double Door 3 Star Refrigerator  with Silver Ion Technology and Ice Twister  (Silver, 233MF3RM24NC)",4.3★,1375,150,18990,48% off,https://www.flipkart.com/realme-techlife-233-l-frost-free-double-door-3-star-refrigerator-silver-ion-technology-ice-twister/p/itm7536823fb339d?pid=RFRH3FV8NWHD42FC&lid=LSTRFRH3FV8NWHD42FC9H1CQ3&marketplace=FLIPKART&q=refrigerator&store=j9e%2Fabm%2Fhzg&srno=s_1_16&otracker=search&fm=organic&iid=a162a45c-5c4a-45b9-9da3-ba54cf702795.RFRH3FV8NWHD42FC.SEARCH&ppt=pp&ppn=pp&ssid=vprn8h0i0w0000001763207456796&qH=945c050322f005b6
267,Refrigerator,"Samsung 350 L Frost Free Double Door 3 Star Convertible Refrigerator  with 5-in-1, Digital Inverter, WiFi Enabled Bespoke AI  (Luxe Black, RT38DG5A4DBXHL)",4.2★,14535,984,40490,33% off,https://www.flipkart.com/samsung-350-l-frost-free-double-door-3-star-convertible-refrigerator-5-in-1-digital-inverter-wifi-enabled-bespoke-ai/p/itmcd087e9aa1521?pid=RFRH7GGBBNGC4ZPN&lid=LSTRFRH7GGBBNGC4ZPNTQ6SNN&marketplace=FLIPKART&q=refrigerator&store=j9e%2Fabm%2Fhzg&srno=s_1_17&otracker=search&fm=organic&iid=en_dW1YBMgF7jtlsjWAiWbDtPcqh6OSDCnIzu5flUSEHHoqP6VjMYXWQFKLHK6NAy8Fl1h4Qbtce7q0eJSAcnhaZMsrgPW5YLzJU0_H6_RHKR0%3D&ppt=pp&ppn=pp&ssid=vprn8h0i0w0000001763207456796&qH=945c050322f005b6
268,Refrigerator,"Samsung 330 L Frost Free Double Door 3 Star Convertible Refrigerator  with 5-in-1, Digital Inverter, WiFi Enabled Bespoke AI  (Elegant Inox, RT34DG5A4DS8HL)",4.2★,14535,984,36990,35% off,https://www.flipkart.com/samsung-330-l-frost-free-double-door-3-star-convertible-refrigerator-5-in-1-digital-inverter-wifi-enabled-bespoke-ai/p/itm0f56f7e5b7a8e?pid=RFRH7GGBZTP7DVFC&lid=LSTRFRH7GGBZTP7DVFCRJ5FI7&marketplace=FLIPKART&q=refrigerator&store=j9e%2Fabm%2Fhzg&srno=s_1_18&otracker=search&fm=organic&iid=en_dW1YBMgF7jtlsjWAiWbDtPcqh6OSDCnIzu5flUSEHHqbdacnElja4FlTt4zO-n7acxZA1Zwbm2upYZVP2qqZhsDbPjpExlWhmpgUQnOg2ao%3D&ppt=pp&ppn=pp&ssid=vprn8h0i0w0000001763207456796&qH=945c050322f005b6
269,Refrigerator,"Haier 190 L Direct Cool Single Door 3 Star Refrigerator  (Nickel Steel, HED-203TNS-N)",4.3★,15374,970,12990,36% off,https://www.flipkart.com/haier-190-l-direct-cool-single-door-3-star-refrigerator/p/itmeb148446d224b?pid=RFRHFMURUXNUZ6SR&lid=LSTRFRHFMURUXNUZ6SRPB94CL&marketplace=FLIPKART&q=refrigerator&store=j9e%2Fabm%2Fhzg&srno=s_1_19&otracker=search&fm=organic&iid=a162a45c-5c4a-45b9-9da3-ba54cf702795.RFRHFMURUXNUZ6SR.SEARCH&ppt=pp&ppn=pp&ssid=vprn8h0i0w0000001763207456796&qH=945c050322f005b6
270,Refrigerator,"Voltas Beko 183 L Direct Cool Single Door 2 Star Refrigerator  (Stella Wine, RDC215D/S0WSR0M0000GO)",4.3★,10911,680,12190,53% off,https://www.flipkart.com/voltas-beko-183-l-direct-cool-single-door-2-star-refrigerator/p/itm006cad9607167?pid=RFRGXY38KXSAGQQD&lid=LSTRFRGXY38KXSAGQQDIB6XMI&marketplace=FLIPKART&q=refrigerator&store=j9e%2Fabm%2Fhzg&srno=s_1_20&otracker=search&fm=organic&iid=a162a45c-5c4a-45b9-9da3-ba54cf702795.RFRGXY38KXSAGQQD.SEARCH&ppt=pp&ppn=pp&ssid=vprn8h0i0w0000001763207456796&qH=945c050322f005b6
271,Refrigerator,"Whirlpool 184 L Direct Cool Single Door 5 Star Refrigerator  (SAPPHIRE SERENA -Z1, 205 WDE ROY 5S INV SAPPHIRE SERENA -Z1)",4.4★,24235,1583,16590,23% off,https://www.flipkart.com/whirlpool-184-l-direct-cool-single-door-5-star-refrigerator/p/itmb6c357ab76827?pid=RFRHGRY5HBXYKHE4&lid=LSTRFRHGRY5HBXYKHE4Q9BEVB&marketplace=FLIPKART&q=refrigerator&store=j9e%2Fabm%2Fhzg&srno=s_1_21&otracker=search&fm=organic&iid=en_dW1YBMgF7jtlsjWAiWbDtPcqh6OSDCnIzu5flUSEHHoisOEyJ7u5o2dXJ6GHCS9UvT3BFZfi8IXpg-QpzudUZWJMZAJirnjvZRqZ0WhE16A%3D&ppt=pp&ppn=pp&ssid=vprn8h0i0w0000001763207456796&qH=945c050322f005b6
272,Refrigerator,"Godrej 180 L Direct Cool Single Door 5 Star Refrigerator  with Jumbo Vegetable Tray, Faster Cooling And Ice Making  (Maple Wine, RD EDGENEO 207E THF MP WN)",4.3★,8903,572,15490,29% off,https://www.flipkart.com/godrej-180-l-direct-cool-single-door-5-star-refrigerator-jumbo-vegetable-tray-faster-cooling-ice-making/p/itm94547f1ac1000?pid=RFRHFHH8QDKSP4FY&lid=LSTRFRHFHH8QDKSP4FYVMDQTX&marketplace=FLIPKART&q=refrigerator&store=j9e%2Fabm%2Fhzg&srno=s_1_22&otracker=search&fm=organic&iid=en_dW1YBMgF7jtlsjWAiWbDtPcqh6OSDCnIzu5flUSEHHr-djAHpcIImWL1710kQbc17ATzzBXzzRIfKhwERUvAl04IsYyWu-Pj9cxFjFAoaLk%3D&ppt=pp&ppn=pp&ssid=vprn8h0i0w0000001763207456796&qH=945c050322f005b6
273,Refrigerator,"Haier 190 L Direct Cool Single Door 5 Star Refrigerator  with Toughned Glass ShelfLarge Vegetable Box  (DAZZLE STEEL, HED-205DS-P)",4.4★,22501,1620,15990,28% off,https://www.flipkart.com/haier-190-l-direct-cool-single-door-5-star-refrigerator-toughned-glass-shelflarge-vegetable-box/p/itm703239f29ff58?pid=RFRGHQAF3MDN7YQZ&lid=LSTRFRGHQAF3MDN7YQZQ2N7WD&marketplace=FLIPKART&q=refrigerator&store=j9e%2Fabm%2Fhzg&srno=s_1_23&otracker=search&fm=organic&iid=a162a45c-5c4a-45b9-9da3-ba54cf702795.RFRGHQAF3MDN7YQZ.SEARCH&ppt=pp&ppn=pp&ssid=vprn8h0i0w0000001763207456796&qH=945c050322f005b6
274,Refrigerator,"Voltas Beko 183 L Direct Cool Single Door 2 Star Refrigerator  (Stella Blue, RDC215D/S0WBR0M0000GO)",4.3★,10911,680,12190,53% off,https://www.flipkart.com/voltas-beko-183-l-direct-cool-single-door-2-star-refrigerator/p/itmf9b7f7cabdeb7?pid=RFRGXY385ZHKBK96&lid=LSTRFRGXY385ZHKBK96VXC8NE&marketplace=FLIPKART&q=refrigerator&store=j9e%2Fabm%2Fhzg&srno=s_1_24&otracker=search&fm=organic&iid=a162a45c-5c4a-45b9-9da3-ba54cf702795.RFRGXY385ZHKBK96.SEARCH&ppt=pp&ppn=pp&ssid=vprn8h0i0w0000001763207456796&qH=945c050322f005b6
275,Refrigerator,"Samsung 236 L Frost Free Double Door 3 Star Convertible Refrigerator  with Digital Inverter and Display  (Elegant Inox, RT28C3733S8/HL)",4.4★,32162,2146,25490,37% off,https://www.flipkart.com/samsung-236-l-frost-free-double-door-3-star-convertible-refrigerator-digital-inverter-display/p/itm5d34d4279e9f1?pid=RFRGPHMKVNFYGACW&marketplace=FLIPKART
276,Washing_Machine,"TCL 8.5 kg 5 Star with Extra Powerful Motor, Magic Filter and Fast Dry Semi Automatic Top Load Washing Machine Grey  (TWT85-P103PW)",4★,348,11,9190,60% off,https://www.flipkart.com/tcl-8-5-kg-5-star-extra-powerful-motor-magic-filter-fast-dry-semi-automatic-top-load-washing-machine-grey/p/itm143f2981cff34?pid=WMNH8YNYEDF4CGWZ&lid=LSTWMNH8YNYEDF4CGWZVZ2BWJ&marketplace=FLIPKART&q=washing+machine&store=j9e%2Fabm%2F8qx&srno=s_1_1&otracker=search&fm=organic&iid=en_jEnu7eLis31rlgsKfbHFGG87gZqDq43PpvuNyeYBNEX9N0OvBkGh5MflpXG3JxYZouqVvNDWOe3fB9ciE-A7nk4IsYyWu-Pj9cxFjFAoaLk%3D&ppt=pp&ppn=pp&ssid=vvpeik6jb40000001763207649835&qH=b3522a5e7056c9c0
277,Washing_Machine,"Samsung 7 kg 5 star, Ecobubble, Digital Inverter, Fully Automatic Top Load Washing Machine Grey  (WA70BG4441YYTL)",4.3★,103804,6646,17490,22% off,https://www.flipkart.com/samsung-7-kg-5-star-ecobubble-digital-inverter-fully-automatic-top-load-washing-machine-grey/p/itmfad620b791ea9?pid=WMNGGUWZK6VEQPXD&lid=LSTWMNGGUWZK6VEQPXDFXPMGF&marketplace=FLIPKART&q=washing+machine&store=j9e%2Fabm%2F8qx&srno=s_1_2&otracker=search&fm=organic&iid=en_jEnu7eLis31rlgsKfbHFGG87gZqDq43PpvuNyeYBNEUa3qFTEzW2_Zid7vvnwqoXrLRM4_huwjv45-Jgcp17nPUFjCTyOHoHZs-Z5_PS_w0%3D&ppt=pp&ppn=pp&ssid=vvpeik6jb40000001763207649835&qH=b3522a5e7056c9c0
278,Washing_Machine,"realme TechLife 7 kg 5 Star rating Semi Automatic Top Load Washing Machine White, Black  (RMSA705NNNDW)",4.2★,94124,8147,7890,36% off,https://www.flipkart.com/realme-techlife-7-kg-5-star-rating-semi-automatic-top-load-washing-machine-white-black/p/itmc94e124668ec6?pid=WMNGBFX49DZJWFKZ&lid=LSTWMNGBFX49DZJWFKZKCTHM6&marketplace=FLIPKART&q=washing+machine&store=j9e%2Fabm%2F8qx&spotlightTagId=default_FkPickId_j9e%2Fabm%2F8qx&srno=s_1_3&otracker=search&fm=organic&iid=b237c679-56c2-4625-be9a-ceabf7d448eb.WMNGBFX49DZJWFKZ.SEARCH&ppt=sp&ppn=sp&ssid=vvpeik6jb40000001763207649835&qH=b3522a5e7056c9c0
279,Washing_Machine,"Samsung 8 kg Semi Automatic Top Load Washing Machine Black, Grey  (WT80C4200GG/TL)",4.4★,37336,2343,11990,25% off,https://www.flipkart.com/samsung-8-kg-semi-automatic-top-load-washing-machine-black-grey/p/itm0f24470fd5729?pid=WMNGZNARKCRAN9BF&lid=LSTWMNGZNARKCRAN9BFSJB1RS&marketplace=FLIPKART&q=washing+machine&store=j9e%2Fabm%2F8qx&srno=s_1_4&otracker=search&fm=organic&iid=b237c679-56c2-4625-be9a-ceabf7d448eb.WMNGZNARKCRAN9BF.SEARCH&ppt=pp&ppn=pp&ssid=vvpeik6jb40000001763207649835&qH=b3522a5e7056c9c0
280,Washing_Machine,"Voltas Beko 6.5 kg Semi Automatic Top Load Washing Machine Maroon, White  (WTT65UNX/OK3R0R0W01)",4.3★,21969,1442,7990,36% off,https://www.flipkart.com/voltas-beko-6-5-kg-semi-automatic-top-load-washing-machine-maroon-white/p/itme0d16e5ce5cc7?pid=WMNGYJHZ4KW5HFCV&lid=LSTWMNGYJHZ4KW5HFCVNUHHRT&marketplace=FLIPKART&q=washing+machine&store=j9e%2Fabm%2F8qx&srno=s_1_5&otracker=search&fm=organic&iid=b237c679-56c2-4625-be9a-ceabf7d448eb.WMNGYJHZ4KW5HFCV.SEARCH&ppt=pp&ppn=pp&ssid=vvpeik6jb40000001763207649835&qH=b3522a5e7056c9c0
281,Washing_Machine,"realme TechLife 7.5 kg 5 Star Rating Semi Automatic Top Load Washing Machine Black, Grey  (RMSA755NNNDG)",4.2★,94124,8147,8290,40% off,https://www.flipkart.com/realme-techlife-7-5-kg-5-star-rating-semi-automatic-top-load-washing-machine-black-grey/p/itm16f231540f615?pid=WMNGATRJPSSNF4BN&lid=LSTWMNGATRJPSSNF4BNVZQWDR&marketplace=FLIPKART&q=washing+machine&store=j9e%2Fabm%2F8qx&srno=s_1_6&otracker=search&fm=organic&iid=b237c679-56c2-4625-be9a-ceabf7d448eb.WMNGATRJPSSNF4BN.SEARCH&ppt=pp&ppn=pp&ssid=vvpeik6jb40000001763207649835&qH=b3522a5e7056c9c0
282,Washing_Machine,"Reliance 7.5 kg Washer only Grey, Black  (RGT750WG)",4★,425,26,5630,37% off,https://www.flipkart.com/reliance-7-5-kg-washer-only-grey-black/p/itm16ae6a2dbaf68?pid=WMNH7PFPEE3MXZDA&lid=LSTWMNH7PFPEE3MXZDAHBJIPF&marketplace=FLIPKART&q=washing+machine&store=j9e%2Fabm%2F8qx&srno=s_1_7&otracker=search&fm=organic&iid=b237c679-56c2-4625-be9a-ceabf7d448eb.WMNH7PFPEE3MXZDA.SEARCH&ppt=pp&ppn=pp&ssid=vvpeik6jb40000001763207649835&qH=b3522a5e7056c9c0
283,Washing_Machine,"Samsung 8 kg 5 Star, AI Wash, Ecobubble, AI Energy Mode, AI VRT+, Super Speed, Soft Closing Door, Wi-Fi, Digital Inverter, Fully Automatic Top Load Washing Machine Grey  (WA80F08S2LTL)",4.3★,103804,6646,22490,27% off,https://www.flipkart.com/samsung-8-kg-5-star-ai-wash-ecobubble-energy-mode-vrt-super-speed-soft-closing-door-wi-fi-digital-inverter-fully-automatic-top-load-washing-machine-grey/p/itm51d8b2ee7db49?pid=WMNHAP2X7KVM52GD&lid=LSTWMNHAP2X7KVM52GDYEKDRR&marketplace=FLIPKART&q=washing+machine&store=j9e%2Fabm%2F8qx&srno=s_1_8&otracker=search&fm=organic&iid=en_jEnu7eLis31rlgsKfbHFGG87gZqDq43PpvuNyeYBNEVWH1b6hYpkOWd27TLg51DmJQfXv8A9Dbciosb7xIVBbU4IsYyWu-Pj9cxFjFAoaLk%3D&ppt=pp&ppn=pp&ssid=vvpeik6jb40000001763207649835&qH=b3522a5e7056c9c0
284,Washing_Machine,Whirlpool 7 kg Magic Clean 5 Star Fully Automatic Top Load Washing Machine Grey  (MAGIC CLEAN 7.0 GENX GREY 5YMW),4.1★,45970,2866,14490,25% off,https://www.flipkart.com/whirlpool-7-kg-magic-clean-5-star-fully-automatic-top-load-washing-machine-grey/p/itm50fdb8ca1e478?pid=WMNGDSUXZS5BWH7H&lid=LSTWMNGDSUXZS5BWH7HJAJBFH&marketplace=FLIPKART&q=washing+machine&store=j9e%2Fabm%2F8qx&srno=s_1_9&otracker=search&fm=organic&iid=b237c679-56c2-4625-be9a-ceabf7d448eb.WMNGDSUXZS5BWH7H.SEARCH&ppt=pp&ppn=pp&ssid=vvpeik6jb40000001763207649835&qH=b3522a5e7056c9c0
285,Washing_Machine,"Haier 6.5 kg Balance Clean Pulsator, Custom Wash Cycles with 15 Mins Quick Wash, Magic Filter Fully Automatic Top Load Washing Machine Brown, Grey  (HWM65-FE)",4.3★,71717,8050,12490,34% off,https://www.flipkart.com/haier-6-5-kg-balance-clean-pulsator-custom-wash-cycles-15-mins-quick-wash-magic-filter-fully-automatic-top-load-washing-machine-brown-grey/p/itm2c899989a92d7?pid=WMNGFHFPD9KCRH7Y&lid=LSTWMNGFHFPD9KCRH7YJFXO8Y&marketplace=FLIPKART&q=washing+machine&store=j9e%2Fabm%2F8qx&srno=s_1_10&otracker=search&fm=organic&iid=b237c679-56c2-4625-be9a-ceabf7d448eb.WMNGFHFPD9KCRH7Y.SEARCH&ppt=pp&ppn=pp&ssid=vvpeik6jb40000001763207649835&qH=b3522a5e7056c9c0
286,Washing_Machine,"Samsung 8 kg 5 star, Ecobubble, Digital Inverter, Fully Automatic Top Load Washing Machine Grey  (WA80BG4441BGTL,WA80BG4441BG)",4.3★,103804,6646,19490,27% off,https://www.flipkart.com/samsung-8-kg-5-star-ecobubble-digital-inverter-fully-automatic-top-load-washing-machine-grey/p/itmc6526adbb9164?pid=WMNGGUWZED7JAXZZ&lid=LSTWMNGGUWZED7JAXZZYBHFRO&marketplace=FLIPKART&q=washing+machine&store=j9e%2Fabm%2F8qx&srno=s_1_11&otracker=search&fm=organic&iid=en_jEnu7eLis31rlgsKfbHFGG87gZqDq43PpvuNyeYBNEWbqp3c5VMicGZyzm6tvNUMacjwg8M6SQ0-EtpAVruPP4QEIsITtCzc4bHaOMTqL08%3D&ppt=pp&ppn=pp&ssid=vvpeik6jb40000001763207649835&qH=b3522a5e7056c9c0
287,Washing_Machine,"Samsung 10 kg 5 Star, AI Wash, Ecobubble, AI Energy Mode, AI VRT+, Soft Closing Door, Wi-Fi, Digital Inverter Fully Automatic Top Load Washing Machine Grey  (WA80F10E2LTL)",4.3★,103804,6646,25990,23% off,https://www.flipkart.com/samsung-10-kg-5-star-ai-wash-ecobubble-energy-mode-vrt-soft-closing-door-wi-fi-digital-inverter-fully-automatic-top-load-washing-machine-grey/p/itm0457bfe334f58?pid=WMNHAP2XXXHRXHZQ&lid=LSTWMNHAP2XXXHRXHZQIGSUIQ&marketplace=FLIPKART&q=washing+machine&store=j9e%2Fabm%2F8qx&srno=s_1_12&otracker=search&fm=organic&iid=en_jEnu7eLis31rlgsKfbHFGG87gZqDq43PpvuNyeYBNEXuVh8pRW-gPNR6hMBG7mYaHPqh35iBAp6UHI_ELfopV0Ksf8s6I2Oz2HOgbXTo_9U%3D&ppt=pp&ppn=pp&ssid=vvpeik6jb40000001763207649835&qH=b3522a5e7056c9c0
288,Washing_Machine,"realme TechLife 7 kg 5 Star Rating Fabric Safe Wash Fully Automatic Top Load Washing Machine Black, Grey  (RMTL705NNNEG)",4.1★,15708,1609,11490,47% off,https://www.flipkart.com/realme-techlife-7-kg-5-star-rating-fabric-safe-wash-fully-automatic-top-load-washing-machine-black-grey/p/itm44899ee8a31d9?pid=WMNH2W3CYF8HEGTG&lid=LSTWMNH2W3CYF8HEGTGOUT4QS&marketplace=FLIPKART&q=washing+machine&store=j9e%2Fabm%2F8qx&srno=s_1_13&otracker=search&fm=organic&iid=b237c679-56c2-4625-be9a-ceabf7d448eb.WMNH2W3CYF8HEGTG.SEARCH&ppt=pp&ppn=pp&ssid=vvpeik6jb40000001763207649835&qH=b3522a5e7056c9c0
289,Washing_Machine,"Samsung 7 kg 5 Star, AI, Wi-Fi, Digital Inverter Fully Automatic Front Load Washing Machine with In-built Heater Silver  (WW70T502NAN1TL)",4.3★,24951,1729,30990,36% off,https://www.flipkart.com/samsung-7-kg-5-star-ai-wi-fi-digital-inverter-fully-automatic-front-load-washing-machine-in-built-heater-silver/p/itmd2e3408c6a570?pid=WMNG87FQVRVSZ5DF&lid=LSTWMNG87FQVRVSZ5DFIDUBJF&marketplace=FLIPKART&q=washing+machine&store=j9e%2Fabm%2F8qx&srno=s_1_14&otracker=search&fm=organic&iid=en_jEnu7eLis31rlgsKfbHFGG87gZqDq43PpvuNyeYBNEV2qUA7CrDA-IL6hI_2lN48ohvxXFwVgOheNY7zqW6tleo15S0a61Wzzbg3qNOknKY%3D&ppt=pp&ppn=pp&ssid=vvpeik6jb40000001763207649835&qH=b3522a5e7056c9c0
290,Washing_Machine,"MarQ by Flipkart 7 kg 5 Star Rating Innowash Range Semi Automatic Top Load Washing Machine Blue, White  (MQSA705NNNDN)",4.3★,61827,6086,7390,47% off,https://www.flipkart.com/marq-flipkart-7-kg-5-star-rating-innowash-range-semi-automatic-top-load-washing-machine-blue-white/p/itm461e5e0bd2125?pid=WMNGYHCPZ7AYPPHH&lid=LSTWMNGYHCPZ7AYPPHHKWJWSE&marketplace=FLIPKART&q=washing+machine&store=j9e%2Fabm%2F8qx&srno=s_1_15&otracker=search&fm=organic&iid=b237c679-56c2-4625-be9a-ceabf7d448eb.WMNGYHCPZ7AYPPHH.SEARCH&ppt=pp&ppn=pp&ssid=vvpeik6jb40000001763207649835&qH=b3522a5e7056c9c0
291,Washing_Machine,"MarQ by Flipkart 6 kg 5 Star Rating Innowash Range Semi Automatic Top Load Washing Machine White, Maroon  (MQSA605NNNDM / MQSA60H5W)",4.3★,30155,2646,6990,41% off,https://www.flipkart.com/marq-flipkart-6-kg-5-star-rating-innowash-range-semi-automatic-top-load-washing-machine-white-maroon/p/itm11df0fd0f85df?pid=WMNGYHCPZ5Y6NBV4&lid=LSTWMNGYHCPZ5Y6NBV4QDLBPH&marketplace=FLIPKART&q=washing+machine&store=j9e%2Fabm%2F8qx&srno=s_1_16&otracker=search&fm=organic&iid=b237c679-56c2-4625-be9a-ceabf7d448eb.WMNGYHCPZ5Y6NBV4.SEARCH&ppt=pp&ppn=pp&ssid=vvpeik6jb40000001763207649835&qH=b3522a5e7056c9c0
292,Washing_Machine,Godrej 8 kg Inbuilt Heater with Unbalanced Load Sensing Fully Automatic Top Load Washing Machine with In-built Heater Grey  (WTEON ADAC 80 5.0 FEFH GLGR),3.9★,36,2,18790,44% off,https://www.flipkart.com/godrej-8-kg-inbuilt-heater-unbalanced-load-sensing-fully-automatic-top-washing-machine-in-built-grey/p/itme4b97eaccaa08?pid=WMNHBK4HGV8VVH8G&lid=LSTWMNHBK4HGV8VVH8GPDRVPP&marketplace=FLIPKART&q=washing+machine&store=j9e%2Fabm%2F8qx&srno=s_1_17&otracker=search&fm=organic&iid=en_jEnu7eLis31rlgsKfbHFGG87gZqDq43PpvuNyeYBNEVJyIjeuaADos1OIs6JCYoPZDs0KW2Dx8UoArAX8pEqtUhz9c-MSIoFe8xMxkfU6dM%3D&ppt=pp&ppn=pp&ssid=vvpeik6jb40000001763207649835&qH=b3522a5e7056c9c0
293,Washing_Machine,Voltas Beko by A Tata Product 14 kg Semi Automatic Top Load Washing Machine Blue  (WTT140UPA/BL5KPTD),4.3★,21969,1442,15900,35% off,https://www.flipkart.com/voltas-beko-tata-product-14-kg-semi-automatic-top-load-washing-machine-blue/p/itm7fff5af75b285?pid=WMNGQJHVSDPNWTNQ&lid=LSTWMNGQJHVSDPNWTNQOOAPFB&marketplace=FLIPKART&q=washing+machine&store=j9e%2Fabm%2F8qx&srno=s_1_18&otracker=search&fm=organic&iid=en_jEnu7eLis31rlgsKfbHFGG87gZqDq43PpvuNyeYBNEUje4QzsG9XEwtSI4fhUdCenbbZBneb5u7xjcvgBOgASw%3D%3D&ppt=pp&ppn=pp&ssid=vvpeik6jb40000001763207649835&qH=b3522a5e7056c9c0
294,Washing_Machine,"Whirlpool 8.5 kg 5 Star with Auto Restart, End of Cycle Buzzer, Lint Filter and Collar Scrubber Semi Automatic Top Load Washing Machine Grey  (MAGIC CLEAN 8.5 GREY DAZZLE (10YR)-N)",4.4★,41193,2689,12490,28% off,https://www.flipkart.com/whirlpool-8-5-kg-5-star-auto-restart-end-cycle-buzzer-lint-filter-collar-scrubber-semi-automatic-top-load-washing-machine-grey/p/itm7a0759b587a8b?pid=WMNGMDN6C8PWWCHW&lid=LSTWMNGMDN6C8PWWCHWSGU3Y8&marketplace=FLIPKART&q=washing+machine&store=j9e%2Fabm%2F8qx&srno=s_1_19&otracker=search&fm=organic&iid=b237c679-56c2-4625-be9a-ceabf7d448eb.WMNGMDN6C8PWWCHW.SEARCH&ppt=pp&ppn=pp&ssid=vvpeik6jb40000001763207649835&qH=b3522a5e7056c9c0
295,Washing_Machine,"Thomson 7 kg Washer only Red, White  (TW7000)",4★,2612,272,4790,40% off,https://www.flipkart.com/thomson-7-kg-washer-only-red-white/p/itm8fa54ffd49138?pid=WMNGAB3BDGK6ZZCW&lid=LSTWMNGAB3BDGK6ZZCWCANBXY&marketplace=FLIPKART&q=washing+machine&store=j9e%2Fabm%2F8qx&srno=s_1_20&otracker=search&fm=organic&iid=b237c679-56c2-4625-be9a-ceabf7d448eb.WMNGAB3BDGK6ZZCW.SEARCH&ppt=pp&ppn=pp&ssid=vvpeik6jb40000001763207649835&qH=b3522a5e7056c9c0
296,Washing_Machine,Voltas Beko by A Tata Product 8.5 kg 5 Star Semi Automatic Top Load Washing Machine Blue  (WTT85UAA/BLSSWH5GFD),4.3★,5356,357,11090,52% off,https://www.flipkart.com/voltas-beko-tata-product-8-5-kg-5-star-semi-automatic-top-load-washing-machine-blue/p/itm1a01731f3260a?pid=WMNHDVNYYNUXGXWY&lid=LSTWMNHDVNYYNUXGXWYRH7INT&marketplace=FLIPKART&q=washing+machine&store=j9e%2Fabm%2F8qx&srno=s_1_21&otracker=search&fm=organic&iid=b237c679-56c2-4625-be9a-ceabf7d448eb.WMNHDVNYYNUXGXWY.SEARCH&ppt=pp&ppn=pp&ssid=vvpeik6jb40000001763207649835&qH=b3522a5e7056c9c0
297,Washing_Machine,Thomson 7 kg 5 Star Aqua Magic Semi Automatic Top Load Washing Machine Blue  (TSA7000SP),4.1★,28880,2431,7490,28% off,https://www.flipkart.com/thomson-7-kg-5-star-aqua-magic-semi-automatic-top-load-washing-machine-blue/p/itmdb64fb93d499e?pid=WMNGR5WS35EEGMGC&lid=LSTWMNGR5WS35EEGMGCVZAOXD&marketplace=FLIPKART&q=washing+machine&store=j9e%2Fabm%2F8qx&srno=s_1_22&otracker=search&fm=organic&iid=b237c679-56c2-4625-be9a-ceabf7d448eb.WMNGR5WS35EEGMGC.SEARCH&ppt=pp&ppn=pp&ssid=vvpeik6jb40000001763207649835&qH=b3522a5e7056c9c0
298,Washing_Machine,MOTOROLA 10 kg 5 star rating Midnight Series Semi Automatic Top Load Washing Machine Black  (MTSA1005NNNDB),4.3★,16534,1398,10490,50% off,https://www.flipkart.com/motorola-10-kg-5-star-rating-midnight-series-semi-automatic-top-load-washing-machine-black/p/itm6c9502b48a028?pid=WMNGSZYNQ5DBHUX5&lid=LSTWMNGSZYNQ5DBHUX5RWWVRX&marketplace=FLIPKART&q=washing+machine&store=j9e%2Fabm%2F8qx&srno=s_1_23&otracker=search&fm=organic&iid=b237c679-56c2-4625-be9a-ceabf7d448eb.WMNGSZYNQ5DBHUX5.SEARCH&ppt=pp&ppn=pp&ssid=vvpeik6jb40000001763207649835&qH=b3522a5e7056c9c0
299,Washing_Machine,Voltas Beko by A Tata Product 8.5 kg 5 Star Semi Automatic Top Load Washing Machine Multicolor  (WTT85UAA/WNSSWH5GFD),4.3★,5356,357,11090,52% off,https://www.flipkart.com/voltas-beko-tata-product-8-5-kg-5-star-semi-automatic-top-load-washing-machine-multicolor/p/itme5a8f26671a00?pid=WMNHDVNYCMRGKRJH&lid=LSTWMNHDVNYCMRGKRJHPKYOIM&marketplace=FLIPKART&q=washing+machine&store=j9e%2Fabm%2F8qx&srno=s_1_24&otracker=search&fm=organic&iid=b237c679-56c2-4625-be9a-ceabf7d448eb.WMNHDVNYCMRGKRJH.SEARCH&ppt=pp&ppn=pp&ssid=vvpeik6jb40000001763207649835&qH=b3522a5e7056c9c0
300,Washing_Machine,"TCL 8.5 kg 5 Star with Extra Powerful Motor, Magic Filter and Fast Dry Semi Automatic Top Load Washing Machine Grey  (TWT85-P103PW)",4★,348,11,9190,60% off,https://www.flipkart.com/tcl-8-5-kg-5-star-extra-powerful-motor-magic-filter-fast-dry-semi-automatic-top-load-washing-machine-grey/p/itm143f2981cff34?pid=WMNH8YNYEDF4CGWZ&marketplace=FLIPKART
